"name","GP","GS","MP","YC","RC","OFF","C","CK","TT","P","INT","BLK","GMB","TKL","FS","FC","PKG","PK","G","A","SOG","S"
"Aarons, RolandoAarons, R.NCU",4,0,128,1,0,0,3,0,84,34,7,0,0,1,3,1,0,0,1,0,1,7
"Abeid, MehdiAbeid, M.NCU",13,7,662,0,0,0,4,5,468,244,84,8,0,7,5,12,0,0,0,0,2,12
"Adam, CharlieAdam, C.STO",29,15,1508,5,0,0,89,74,1321,605,113,13,0,40,29,37,1,1,7,1,17,62
"Adebayor, EmmanuelAdebayor, E.TOT",13,9,814,1,0,11,7,0,399,206,23,1,0,6,6,13,0,0,2,1,10,19
"AdriánAdriánWHU",38,38,3391,3,1,0,0,0,1619,222,174,0,0,1,7,2,0,0,0,0,0,0
"Agbonlahor, GabrielAgbonlahor, G.AST",34,30,2693,7,1,13,33,0,996,429,60,7,0,21,58,42,0,0,6,1,18,54
"Agüero, SergioAgüero, S.MCY",33,30,2538,4,0,34,20,0,1345,693,94,2,0,8,25,17,5,6,26,8,63,147
"Ake, NathanAke, N.CHE",1,0,17,0,0,0,0,0,22,17,2,0,0,0,1,1,0,0,0,0,0,0
"Akpom, ChubaAkpom, C.ARS",3,0,27,0,0,0,1,0,11,3,0,0,0,1,1,1,0,0,0,0,2,2
"Albrighton, MarcAlbrighton, M.LEI",18,10,1027,3,0,3,81,40,738,241,70,8,0,20,15,15,0,0,2,3,4,13
"Alcaraz, AntolínAlcaraz, A.EVE",8,6,527,1,1,0,0,0,473,290,56,6,0,2,6,5,0,0,0,0,0,2
"Alderweireld, TobyAlderweireld, T.SHN",26,26,2263,3,0,0,11,0,1624,897,207,33,0,14,6,12,0,0,1,0,7,18
"Allen, JoeAllen, J.LIV",21,16,1471,3,0,0,8,5,1182,744,153,4,0,25,24,20,0,0,1,0,2,12
"Alnwick, JakAlnwick, J.NCU",6,5,495,0,0,0,0,0,273,42,32,0,0,0,1,0,0,0,0,0,0,0
"Altidore, JozyAltidore, J.SUN",11,2,304,0,0,1,3,0,154,61,9,0,0,2,1,7,0,0,0,0,2,7
"Aluko, SoneAluko, S.HUL",25,13,1242,2,0,5,16,4,706,338,50,4,0,12,29,15,0,0,1,0,12,32
"Álvarez, RicardoÁlvarez, R.SUN",13,5,494,3,0,3,14,4,357,181,24,0,0,6,5,5,0,0,0,0,2,10
"Amalfitano, MorganAmalfitano, M.WHU",24,14,1180,3,0,2,35,22,582,274,49,6,0,14,18,9,0,0,3,1,5,18
"Amat, JordiAmat, J.SWA",10,7,588,3,0,0,2,0,454,289,49,12,0,12,2,8,0,0,0,0,0,0
"Ameobi, SammyAmeobi, S.NCU",25,15,1422,2,0,1,53,16,1060,368,114,20,0,20,21,34,0,0,2,2,4,26
"Ameobi, SholaAmeobi, S.CP",4,0,38,0,0,0,0,0,32,10,0,1,0,0,0,1,0,0,0,0,0,1
"AndersonAndersonMAN",1,0,20,0,0,0,0,4,21,17,0,0,0,0,0,1,0,0,0,0,0,0
"Anichebe, VictorAnichebe, V.WBA",21,11,1034,0,0,6,7,0,537,200,17,3,0,5,28,17,0,0,3,0,8,26
"Anita, VurnonAnita, V.NCU",19,17,1272,3,0,0,20,0,860,477,126,8,0,15,12,17,0,0,0,0,1,8
"Arfield, ScottArfield, S.BUR",37,36,3204,6,0,3,14,0,2024,985,293,27,0,47,21,55,0,1,2,2,10,44
"Armstrong, AdamArmstrong, A.NCU",11,1,202,1,0,0,2,1,100,36,10,0,0,6,2,7,0,0,0,1,2,7
"Arnautovic, MarkoArnautovic, M.STO",29,20,1917,2,0,11,92,22,1176,555,99,17,0,29,27,32,0,0,1,5,8,44
"Arteta, MikelArteta, M.ARS",7,6,450,1,0,0,0,0,486,348,55,4,0,12,10,10,0,0,0,1,0,2
"Assaidi, OussamaAssaidi, O.STO",9,1,224,1,0,0,7,3,163,74,18,1,0,7,4,7,0,0,0,1,3,5
"Atsu, ChristianAtsu, C.EVE",5,1,110,0,0,0,2,0,88,46,11,0,0,0,0,0,0,0,0,1,1,4
"Austin, CharlieAustin, C.QPR",35,35,3069,4,1,35,35,0,1300,473,91,9,0,15,44,35,3,5,18,6,52,130
"Azpilicueta, CésarAzpilicueta, C.CHE",29,29,2484,1,1,0,42,0,2061,1084,239,41,0,19,15,19,0,0,0,3,3,7
"Bacuna, LeandroBacuna, L.AST",19,10,981,1,0,1,68,7,943,477,88,11,0,12,6,15,0,0,0,5,3,17
"Baines, LeightonBaines, L.EVE",31,31,2774,4,0,6,101,109,2572,1379,203,35,0,31,50,23,2,3,2,9,9,22
"Baird, ChrisBaird, C.WBA",19,9,801,2,0,0,9,0,535,241,54,15,0,9,4,8,0,0,0,0,2,4
"Baker, NathanBaker, N.AST",11,8,763,0,0,0,0,0,454,182,97,15,0,4,1,8,0,0,0,0,0,5
"Balotelli, MarioBalotelli, M.LIV",16,10,940,5,0,12,8,0,422,161,26,2,0,8,26,29,0,0,1,0,19,56
"Bannan, BarryBannan, B.CP",7,2,136,1,0,0,10,4,107,54,14,1,0,0,0,2,0,0,0,0,1,2
"Bardsley, PhilBardsley, P.STO",25,24,2082,6,0,0,46,1,1466,543,133,35,0,50,33,26,0,0,0,1,3,21
"Barkley, RossBarkley, R.EVE",29,22,1964,1,0,1,23,12,1621,1010,123,13,0,14,35,19,0,1,2,2,14,50
"Barnes, AshleyBarnes, A.BUR",35,28,2423,4,1,10,21,0,1101,349,69,17,0,31,58,71,0,0,5,2,21,64
"Barrow, ModouBarrow, M.SWA",11,1,277,1,0,1,10,0,192,71,14,1,0,11,13,8,0,0,0,1,0,2
"Barry, GarethBarry, G.EVE",33,33,2827,10,1,3,19,0,2451,1578,298,18,0,50,32,60,0,0,0,2,7,16
"Bartley, KyleBartley, K.SWA",7,7,630,2,0,2,0,0,436,294,46,6,0,5,9,7,0,0,0,0,1,3
"Barton, JoeyBarton, J.QPR",28,27,2351,11,1,0,79,63,2109,1018,274,33,0,43,37,49,0,0,1,3,8,36
"Begovic, AsmirBegovic, A.STO",35,35,3150,3,0,0,0,0,1541,360,156,0,0,0,4,1,0,0,0,0,0,1
"Bellerín, HéctorBellerín, H.ARS",20,17,1561,5,0,1,68,0,1312,640,159,32,0,28,4,17,0,0,2,1,4,5
"Ben Arfa, HatemBen Arfa, H.HUL",8,5,384,1,0,0,5,6,180,110,6,2,0,4,2,8,0,0,0,0,1,2
"Bent, DarrenBent, D.AST",7,0,78,0,0,2,0,0,18,9,0,0,0,0,1,0,0,0,0,0,0,1
"Bentaleb, NabilBentaleb, N.TOT",26,25,2195,8,0,0,19,0,1972,1287,228,15,0,34,17,27,0,0,0,2,5,25
"Benteke, ChristianBenteke, C.AST",29,26,2380,1,1,36,10,0,1476,608,67,2,0,23,24,41,1,1,13,2,30,79
"Berahino, SaidoBerahino, S.WBA",38,32,2929,2,0,19,28,1,1226,582,65,12,0,21,38,32,4,4,14,1,37,86
"Bertrand, RyanBertrand, R.SHN",34,34,3055,3,1,2,115,0,2393,1138,244,36,0,31,40,30,0,0,2,2,3,13
"Besic, MuhamedBesic, M.EVE",23,15,1284,8,0,0,17,3,1165,742,130,10,0,20,13,30,0,0,0,0,3,17
"Blackett, TylerBlackett, T.MAN",11,6,650,3,1,0,4,0,616,388,77,10,0,8,3,10,0,0,0,0,0,0
"Blanco, SebastianBlanco, S.WBA",3,0,36,1,0,0,3,1,26,15,1,0,0,0,0,1,0,0,0,0,0,2
"Blind, DaleyBlind, D.MAN",25,25,2171,4,0,1,26,0,2228,1419,285,11,0,33,11,25,0,0,2,2,9,28
"Bolasie, YannickBolasie, Y.CP",34,31,2776,3,0,14,138,40,1566,503,122,17,0,45,49,47,0,0,4,6,19,68
"Bony, WilfriedBony, W.",30,18,1598,3,1,11,7,0,960,473,44,2,0,19,37,37,1,1,11,3,34,88
"Borini, FabioBorini, F.LIV",12,3,392,1,1,3,3,3,184,78,11,3,0,9,8,9,0,0,1,1,5,14
"Boyata, DedryckBoyata, D.MCY",2,1,91,1,0,0,0,0,85,46,18,1,0,3,2,3,0,0,0,0,0,0
"Boyd, GeorgeBoyd, G.",36,35,3020,7,0,13,42,27,1427,517,194,42,0,66,34,40,0,0,5,2,13,50
"Brady, RobbieBrady, R.HUL",27,17,1755,2,0,4,108,63,1340,536,118,21,0,29,27,16,0,0,0,2,6,22
"Bridcutt, LiamBridcutt, L.SUN",18,10,907,6,1,0,11,0,688,369,112,7,0,32,16,21,0,0,0,2,0,4
"Britton, LeonBritton, L.SWA",9,7,537,1,0,0,0,0,398,279,31,3,0,9,5,5,0,0,0,0,0,0
"Brown, IsaiahBrown, I.CHE",1,0,11,0,0,0,0,0,3,3,0,0,0,0,0,0,0,0,0,0,0,0
"Brown, WesBrown, W.SUN",25,23,1993,5,1,1,3,0,1193,655,137,35,0,22,9,16,0,0,0,0,1,3
"Browning, TyiasBrowning, T.EVE",2,0,29,0,0,0,4,0,32,21,1,0,0,0,0,1,0,0,0,0,0,0
"Bruce, AlexBruce, A.HUL",22,17,1448,3,0,0,0,0,805,346,138,31,0,25,4,13,0,0,0,1,0,1
"Brunt, ChrisBrunt, C.WBA",34,33,2895,5,0,3,100,80,1849,813,174,34,0,36,13,31,0,0,2,9,5,33
"Buckley, WillBuckley, W.SUN",22,9,868,2,0,9,23,2,365,146,30,2,0,3,27,10,0,0,0,2,0,3
"Burke, ReeceBurke, R.WHU",5,4,415,0,0,0,0,0,263,118,25,8,0,3,1,3,0,0,0,0,0,5
"Butland, JackButland, J.STO",3,3,270,0,0,0,0,0,134,18,13,0,0,0,0,0,0,0,0,0,0,0
"Caballero, WillyCaballero, W.MCY",2,2,180,0,0,0,0,0,83,21,13,0,0,0,0,0,0,0,0,0,0,0
"Cabella, RemyCabella, R.NCU",31,21,1947,2,0,1,76,45,1443,701,146,12,0,26,59,30,0,0,1,2,12,44
"Cahill, GaryCahill, G.CHE",36,33,2984,5,0,0,3,0,1921,1170,253,29,0,22,16,23,0,0,1,1,8,21
"Cambiasso, EstebanCambiasso, E.LEI",31,27,2423,1,0,0,32,33,1529,759,225,25,0,25,15,18,0,0,5,1,7,30
"Cameron, GeoffCameron, G.STO",27,21,2135,4,0,1,65,0,1566,652,197,25,0,32,18,13,0,0,0,1,0,9
"Campbell, FraizerCampbell, F.CP",20,13,1175,5,0,10,6,1,383,147,19,0,0,7,23,18,0,0,4,0,9,26
"Campbell, JoelCampbell, J.ARS",4,0,39,0,0,0,4,0,39,26,1,0,0,1,2,0,0,0,0,0,0,0
"Can, EmreCan, E.LIV",27,23,2065,2,1,0,22,1,1822,1045,232,21,0,39,19,29,0,0,1,0,4,15
"Capoue, EtienneCapoue, E.TOT",12,11,901,2,0,0,11,0,805,553,92,5,0,20,10,22,0,0,0,0,1,7
"Carrick, MichaelCarrick, M.MAN",18,16,1457,1,0,0,9,0,1275,927,162,11,0,6,10,8,0,0,1,2,4,8
"Carroll, AndyCarroll, A.WHU",14,12,1027,2,0,1,13,0,555,214,34,3,0,11,19,27,0,0,5,1,12,37
"Carroll, ThomasCarroll, T.SWA",13,8,692,1,0,0,4,1,553,393,46,7,0,4,0,5,0,0,0,0,0,4
"Cattermole, LeeCattermole, L.SUN",28,26,2358,14,0,0,14,0,1560,837,257,23,0,54,21,55,0,0,1,0,1,11
"Caulker, StevenCaulker, S.QPR",35,34,3015,1,0,0,4,0,1761,682,313,53,0,21,10,15,0,0,1,0,6,27
"Cazorla, SantiCazorla, S.ARS",37,33,2992,5,0,2,97,105,3068,2044,248,19,0,18,62,20,6,6,7,11,33,92
"Cech, PetrCech, P.CHE",7,6,606,0,0,0,0,0,212,51,20,0,0,0,0,0,0,0,0,0,0,0
"Chadli, NacerChadli, N.TOT",35,28,2415,3,0,10,54,0,1517,862,116,7,0,19,26,26,0,0,11,5,22,54
"Chalobah, NathanielChalobah, N.BUR",4,0,66,1,0,0,0,0,76,46,10,0,0,3,1,4,0,0,0,0,0,1
"Chamakh, MarouaneChamakh, M.CP",18,15,1156,4,0,6,1,0,756,300,72,1,0,31,29,41,0,0,2,0,5,11
"Chambers, CalumChambers, C.ARS",23,17,1570,7,1,1,42,0,1508,780,183,14,0,20,17,25,0,0,1,1,2,7
"Chester, JamesChester, J.HUL",23,23,1872,5,1,0,4,0,1197,643,176,23,0,28,14,27,0,0,2,0,4,9
"Chiriches, VladChiriches, V.TOT",10,8,709,2,1,1,15,0,601,320,72,15,0,9,7,11,0,0,0,0,0,1
"Christensen, AndreasChristensen, A.CHE",1,0,12,0,0,0,0,0,19,17,1,0,0,0,0,1,0,0,0,0,0,0
"Cissé, PapissCissé, P.NCU",22,11,1152,1,0,9,6,0,536,242,26,5,0,14,13,18,1,1,11,1,19,43
"Cissokho, AlyCissokho, A.AST",25,24,2131,1,0,0,85,0,1519,615,146,37,0,24,14,20,0,0,0,0,0,8
"Clark, CiaranClark, C.AST",25,22,1991,8,1,1,4,1,1451,744,216,29,0,17,18,21,0,0,1,2,5,15
"Cleverley, TomCleverley, T.",32,32,2610,7,0,0,66,8,1971,1260,202,15,0,33,32,30,0,0,3,0,9,24
"Clichy, GaelClichy, G.MCY",23,23,2058,1,0,2,58,2,2065,1137,238,22,0,10,9,11,0,0,1,3,2,8
"Clyne, NathanielClyne, N.SHN",35,35,3147,4,0,0,118,0,2535,1187,258,35,0,32,25,21,0,0,2,0,5,19
"Coates, SebastiánCoates, S.SUN",10,9,822,1,0,0,1,0,455,185,75,16,0,18,7,9,0,0,0,0,0,7
"Colback, JackColback, J.NCU",35,35,3129,12,0,1,65,48,2200,1261,315,26,0,42,56,57,0,0,4,6,10,27
"Cole, CarltonCole, C.WHU",23,8,907,2,0,7,4,0,365,122,20,1,0,11,7,26,0,0,2,0,6,16
"Cole, JoeCole, J.AST",12,3,279,0,0,2,12,9,242,132,16,0,0,6,6,4,0,0,1,1,1,4
"Coleman, SeamusColeman, S.EVE",35,34,3065,5,0,4,100,0,2302,1121,220,31,0,20,30,21,0,0,3,2,9,19
"Collins, JamesCollins, J.WHU",27,21,1879,5,1,0,3,0,1165,416,142,36,0,41,8,18,0,0,0,0,3,9
"Coloccini, FabricioColoccini, F.NCU",32,32,2837,3,1,0,6,0,1632,922,261,41,0,28,8,15,0,0,1,0,2,9
"Comley, BrandonComley, B.QPR",1,0,10,0,0,0,0,0,24,10,2,1,0,1,0,0,0,0,0,0,0,1
"Coquelin, FrancisCoquelin, F.ARS",22,19,1663,5,0,1,8,0,1523,884,250,6,0,41,17,30,0,0,0,0,0,5
"Cork, JackCork, J.",27,20,1801,1,0,0,9,0,1530,919,204,20,0,24,40,22,0,0,3,0,5,7
"Costa, DiegoCosta, D.CHE",26,24,2082,8,0,25,25,0,1080,527,39,1,0,15,25,33,1,1,20,3,38,79
"Courtois, ThibautCourtois, T.CHE",32,32,2814,1,0,0,1,0,1224,191,163,0,0,0,8,0,0,0,0,0,0,0
"Coutinho, PhilippeCoutinho, P.LIV",35,32,2799,3,0,7,51,63,2175,1206,149,13,0,19,49,26,0,0,5,5,33,102
"Cresswell, AaronCresswell, A.WHU",38,38,3420,5,0,7,118,6,2413,970,219,60,0,20,32,17,0,0,2,4,9,20
"Crouch, PeterCrouch, P.STO",33,17,1676,4,0,12,7,2,928,368,54,4,0,13,16,29,0,0,8,2,17,58
"Cuadrado, JuanCuadrado, J.CHE",12,4,311,2,0,0,11,6,282,165,19,2,0,5,10,5,0,0,0,0,3,7
"Dann, ScottDann, S.CP",34,34,2922,6,0,1,7,0,1464,578,231,44,0,26,9,28,0,0,2,3,4,20
"Davidson, JasonDavidson, J.WBA",2,1,102,0,0,0,3,0,61,31,3,1,0,4,2,1,0,0,0,0,0,0
"Davies, BenDavies, B.TOT",14,9,891,3,0,0,25,0,757,366,80,7,0,10,11,7,0,0,0,1,0,1
"Davies, CurtisDavies, C.HUL",21,21,1814,2,0,0,2,0,1041,509,169,31,0,16,9,14,0,0,0,0,1,12
"Davis, KelvinDavis, K.SHN",7,6,616,0,0,0,0,0,235,27,33,0,0,0,0,0,0,0,0,0,0,0
"Davis, StevenDavis, S.SHN",35,32,2648,3,0,2,57,44,2063,1290,210,13,0,20,15,17,0,0,0,2,5,29
"Dawson, CraigDawson, C.WBA",29,29,2591,6,0,1,23,0,1776,791,229,55,0,37,25,24,0,0,2,0,4,16
"Dawson, MichaelDawson, M.HUL",28,28,2434,7,0,1,4,0,1533,719,227,34,0,30,10,22,0,0,1,0,3,15
"De Gea, DavidDe Gea, D.MAN",37,37,3314,0,0,0,0,0,1484,500,176,1,0,0,0,0,0,0,0,0,0,0
"De Jong, SiemDe Jong, S.NCU",4,1,147,0,0,0,0,0,59,21,3,1,0,3,0,1,0,0,1,0,2,5
"De Laet, RitchieDe Laet, R.LEI",26,20,1883,3,0,0,32,0,1275,409,129,25,0,34,18,23,0,0,0,1,0,4
"Debuchy, MathieuDebuchy, M.ARS",10,10,808,2,0,4,20,0,671,303,71,10,0,11,10,15,0,0,1,0,4,8
"Defoe, JermainDefoe, J.SUN",17,17,1457,1,0,15,7,0,466,204,39,10,0,7,20,8,0,0,4,0,15,34
"Delaney, DamienDelaney, D.CP",29,28,2434,6,1,1,5,0,1284,509,193,27,0,24,11,14,0,0,0,0,3,12
"Delph, FabianDelph, F.AST",28,27,2434,1,1,1,79,17,2184,1393,210,24,0,25,46,15,0,0,0,3,11,42
"Dembele, MoussaDembele, M.TOT",26,10,1138,1,0,0,5,1,1062,717,101,3,0,25,19,37,0,0,1,1,2,10
"Demel, GuyDemel, G.WHU",6,3,258,0,0,0,14,0,205,86,16,3,0,2,1,4,0,0,0,0,0,0
"Demichelis, MartínDemichelis, M.MCY",31,28,2559,6,0,0,1,0,2020,1230,301,18,0,47,9,33,0,0,1,0,1,7
"Di María, ÁngelDi María, Á.MAN",27,20,1642,1,0,5,144,65,1321,658,82,4,0,2,21,5,0,0,3,10,19,62
"Diame, MohamedDiame, M.",15,10,934,2,0,0,6,0,534,270,50,8,0,24,14,21,0,0,4,0,4,17
"Dier, EricDier, E.TOT",28,25,2290,4,0,1,38,0,1858,939,180,40,0,34,12,21,0,0,2,2,2,12
"Diouf, MameDiouf, M.STO",34,28,2437,7,0,18,22,0,863,308,71,14,0,40,38,61,0,0,11,3,22,56
"Distin, SylvainDistin, S.EVE",13,12,1080,0,0,3,1,0,935,604,84,18,0,7,7,3,0,0,0,0,1,1
"Djuricic, FilipDjuricic, F.SHN",9,3,327,1,0,2,10,4,245,118,34,2,0,2,7,4,0,0,0,0,1,7
"Dorrans, GrahamDorrans, G.WBA",21,19,1593,5,0,1,44,24,984,589,80,14,0,23,15,22,0,1,1,3,6,20
"Doughty, MichaelDoughty, M.QPR",3,0,51,0,0,0,0,0,53,19,10,1,0,3,3,1,0,0,0,0,0,0
"Downing, StewartDowning, S.WHU",37,37,3313,3,0,4,164,111,1963,1143,120,25,0,10,27,11,0,0,6,8,19,70
"Doyle, KevinDoyle, K.CP",3,0,34,0,0,0,1,0,15,5,1,1,0,1,1,2,0,0,0,0,0,0
"Drinkwater, DanielDrinkwater, D.LEI",23,16,1488,1,0,0,20,2,1115,616,149,17,0,24,11,31,0,0,0,0,3,16
"Drogba, DidierDrogba, D.CHE",28,8,856,5,0,12,14,0,560,199,32,2,0,7,16,13,0,0,4,1,9,30
"Duff, MichaelDuff, M.BUR",21,21,1809,4,1,0,2,0,1117,468,189,28,0,20,15,19,0,0,0,0,1,2
"Dummett, PaulDummett, P.NCU",25,24,2109,4,0,1,21,2,1343,585,137,22,0,14,17,13,0,0,0,0,3,18
"Dunne, RichardDunne, R.QPR",23,22,1872,7,0,0,3,0,1074,379,179,45,0,26,8,25,0,0,0,0,4,8
"Dyer, NathanDyer, N.SWA",32,23,1868,2,0,6,53,0,1151,601,94,10,0,24,37,21,0,0,3,3,9,17
"Dzeko, EdinDzeko, E.MCY",22,11,933,1,0,6,10,0,571,277,37,2,0,5,9,13,0,0,4,2,13,44
"Elia, EljeroElia, E.SHN",16,9,787,2,0,1,31,8,505,228,54,1,0,8,15,17,0,0,2,0,6,15
"Elliot, RobElliot, R.NCU",3,3,225,0,0,0,0,0,135,26,21,0,0,0,1,0,0,0,0,0,0,0
"Elmohamady, AhmedElmohamady, A.HUL",38,38,3419,4,0,2,201,1,2755,1169,243,16,0,35,48,38,0,0,2,5,4,16
"Emnes, MarvinEmnes, M.SWA",17,3,502,1,0,2,10,2,282,113,17,2,0,10,14,11,0,0,0,0,4,13
"Enrique, JoséEnrique, J.LIV",4,2,203,0,0,0,4,0,183,70,24,3,0,1,2,3,0,0,0,0,0,1
"Eriksen, ChristianEriksen, C.TOT",38,37,3139,4,0,0,136,111,2708,1565,229,20,0,11,22,16,0,0,10,2,26,95
"Eto'o, SamuelEto'o, S.EVE",14,8,782,1,0,2,6,3,490,298,26,2,0,5,8,6,0,0,3,1,10,28
"Evans, JonnyEvans, J.MAN",14,12,1091,1,0,0,7,0,1082,719,121,6,0,12,10,7,0,0,0,0,0,1
"Fabianski, LukaszFabianski, L.SWA",37,37,3308,0,1,0,0,0,1785,388,210,0,0,0,13,1,0,0,0,0,0,0
"Fàbregas, CescFàbregas, C.CHE",34,33,2886,11,1,1,115,145,3222,2167,275,9,0,34,36,30,0,0,3,18,17,43
"Falcao, RadamelFalcao, R.MAN",26,14,1286,2,0,14,10,0,632,339,35,4,0,11,25,21,0,0,4,4,16,37
"Faurlín, AlejandroFaurlín, A.QPR",2,1,91,0,0,0,4,1,65,35,8,0,0,5,3,1,0,0,0,0,1,3
"Fazio, FedericoFazio, F.TOT",20,20,1777,2,1,0,2,0,1344,729,180,31,0,15,7,15,0,0,0,0,3,11
"Fellaini, MarouaneFellaini, M.MAN",27,19,1830,5,1,13,17,0,1606,927,148,14,0,38,30,61,0,0,6,0,16,35
"Fer, LeroyFer, L.QPR",29,27,2365,4,0,2,18,4,1431,718,143,10,0,36,51,32,0,0,6,2,14,54
"Ferdinand, RioFerdinand, R.QPR",11,11,990,2,0,0,1,0,631,316,127,19,0,2,4,2,0,0,0,0,0,0
"Fernández, FedeFernández, F.SWA",28,27,2475,0,0,1,5,0,1955,1165,243,26,0,26,22,19,0,0,0,0,4,13
"FernandinhoFernandinhoMCY",33,25,2273,7,0,0,16,0,2246,1476,293,10,0,51,23,61,0,0,3,3,8,23
"FernandoFernandoMCY",25,22,1880,6,0,0,4,0,1516,1046,192,11,0,29,10,31,0,0,2,2,2,10
"Figueroa, MaynorFigueroa, M.HUL",3,2,213,0,0,0,3,0,155,64,7,3,0,5,1,2,0,0,0,0,0,2
"Filipe LuisFilipe LuisCHE",15,9,939,1,0,0,29,2,907,504,82,8,0,14,10,18,0,0,0,0,2,5
"Flamini, MathieuFlamini, M.ARS",23,15,1455,3,0,2,4,0,1098,727,131,10,0,31,10,21,0,0,1,1,1,7
"Fletcher, DarrenFletcher, D.",26,19,1714,3,0,0,22,0,1141,683,133,11,0,19,14,14,0,0,1,0,2,10
"Fletcher, StevenFletcher, S.SUN",30,20,1783,4,0,8,23,0,831,359,40,5,0,13,32,22,0,0,5,2,15,37
"Fonte, JoséFonte, J.SHN",37,37,3330,5,0,0,13,0,2789,1668,414,26,0,41,16,30,0,0,0,1,5,22
"Forster, FraserForster, F.SHN",30,30,2624,1,0,0,0,0,1082,288,114,0,0,0,2,0,0,0,0,0,0,0
"Foster, BenFoster, B.WBA",28,28,2486,2,0,0,0,0,1280,235,146,0,0,0,2,1,0,0,0,0,0,0
"Fryers, ZekiFryers, Z.CP",1,0,3,0,0,0,0,0,3,1,0,0,0,0,0,0,0,0,0,0,0,0
"Fulton, JayFulton, J.SWA",2,1,114,0,0,0,0,0,83,43,14,0,0,1,0,1,0,0,0,0,0,0
"Furlong, DarnellFurlong, D.QPR",3,3,225,1,0,0,4,0,158,53,24,1,0,2,4,4,0,0,0,0,1,1
"GabrielGabrielARS",6,4,349,0,0,0,0,0,236,118,38,5,0,5,2,3,0,0,0,1,0,2
"Galloway, BrendonGalloway, B.EVE",2,2,174,1,0,0,2,0,127,40,14,6,0,4,2,2,0,0,0,0,0,0
"Gamboa, CristianGamboa, C.WBA",10,1,236,1,0,0,8,0,244,125,30,2,0,3,4,1,0,0,0,1,0,1
"Gape, DominicGape, D.SHN",1,0,1,0,0,0,0,0,3,1,0,0,0,0,0,0,0,0,0,0,0,0
"Garbutt, LukeGarbutt, L.EVE",4,3,286,1,0,0,20,16,258,111,23,6,0,1,0,1,0,0,0,0,1,1
"Gardner, CraigGardner, C.WBA",35,30,2684,10,0,5,41,14,1647,796,188,33,0,51,38,58,0,0,3,4,18,57
"Gardos, FlorinGardos, F.SHN",11,5,574,1,0,0,0,0,399,239,68,5,0,10,1,7,0,0,0,0,0,0
"Gayle, DwightGayle, D.CP",25,11,1090,1,0,6,32,7,502,200,45,5,0,8,24,18,1,1,5,1,10,29
"Gazzaniga, PauloGazzaniga, P.SHN",2,2,180,0,0,0,0,0,66,6,8,0,0,0,1,0,0,0,0,0,0,0
"Gerrard, StevenGerrard, S.LIV",29,25,2236,7,1,1,85,57,2014,1270,200,14,0,23,23,11,4,5,9,1,21,54
"Giaccherini, EmanueleGiaccherini, E.SUN",8,2,304,2,0,0,3,0,233,133,22,2,0,1,8,4,0,0,0,0,4,8
"Gibbs, KieranGibbs, K.ARS",22,18,1657,3,0,1,60,0,1486,754,174,14,0,25,7,17,0,0,0,3,2,12
"Gibson, DarronGibson, D.EVE",9,3,411,0,0,0,6,1,441,283,50,6,0,3,4,4,0,0,0,0,2,10
"Gil, CarlesGil, C.AST",5,4,359,1,0,0,20,19,311,190,27,1,0,1,7,3,0,0,0,1,0,3
"Giroud, OlivierGiroud, O.ARS",27,21,1867,5,1,13,12,0,1124,510,70,8,0,18,30,38,0,0,14,3,29,70
"Given, ShayGiven, S.AST",3,3,270,1,0,0,0,0,114,13,22,0,0,0,2,0,0,0,0,0,0,0
"Gómez, JordiGómez, J.SUN",29,22,1941,7,0,2,39,23,1432,764,163,23,0,28,50,34,3,3,4,2,10,31
"Gomis, BafetimbiGomis, B.SWA",31,18,1640,0,0,22,2,0,792,346,29,4,0,10,37,24,0,0,7,0,25,69
"Gorre, KenjiGorre, K.SWA",1,0,6,0,0,0,0,0,7,5,1,0,0,0,0,0,0,0,0,0,0,0
"Gouffran, YoanGouffran, Y.NCU",31,24,1969,3,0,4,22,13,1147,589,123,15,0,19,17,21,0,0,2,1,12,25
"Graham, DannyGraham, D.SUN",14,7,626,0,0,3,7,0,254,95,15,2,0,4,13,3,0,0,1,0,4,10
"Grealish, JackGrealish, J.AST",17,7,815,0,0,2,16,31,543,324,39,4,0,4,38,6,0,0,0,1,5,13
"Green, RobertGreen, R.QPR",36,36,3184,1,0,0,0,0,1532,211,161,0,0,0,7,0,0,0,0,0,0,0
"Grego-Cox, ReeceGrego-Cox, R.QPR",4,1,142,0,0,1,4,0,69,17,4,0,0,3,1,1,0,0,0,0,0,1
"Grimes, MattGrimes, M.SWA",3,0,42,0,0,0,1,0,41,25,1,0,0,1,0,1,0,0,0,0,0,0
"Guedioura, AdleneGuedioura, A.CP",7,0,122,1,0,0,2,2,103,45,6,1,0,1,5,6,0,0,0,0,1,5
"Gutiérrez, JonásGutiérrez, J.NCU",10,6,634,4,0,0,15,1,487,190,74,8,0,12,18,9,0,0,1,1,3,10
"Guzan, BradGuzan, B.AST",34,34,3060,2,0,0,0,0,1577,328,220,0,0,0,7,1,0,0,0,0,0,0
"Haidara, MassadioHaidara, M.NCU",15,12,1099,0,0,1,40,1,896,367,100,11,0,12,23,12,0,0,0,1,1,7
"Hamer, BenHamer, B.LEI",8,8,720,1,0,0,0,0,391,64,28,0,0,0,2,0,0,0,0,0,0,0
"Hammond, DeanHammond, D.LEI",12,9,781,3,0,0,4,0,511,305,73,5,0,19,7,20,0,0,0,0,0,6
"Hangeland, BredeHangeland, B.CP",14,12,1173,2,0,1,2,0,568,269,107,12,0,12,5,8,0,0,2,1,3,4
"Harper, SteveHarper, S.HUL",10,10,853,0,0,0,0,0,379,46,42,0,0,0,3,0,0,0,0,0,0,0
"Hart, JoeHart, J.MCY",36,36,3240,1,0,0,0,0,1330,277,202,2,0,0,5,0,0,0,0,0,0,0
"Hazard, EdenHazard, E.CHE",38,38,3372,2,0,4,84,12,2913,1821,171,11,0,10,112,13,3,4,14,9,33,78
"Heaton, TomHeaton, T.BUR",38,38,3420,1,0,0,0,0,1532,232,127,1,0,0,4,0,0,0,0,0,0,0
"Henderson, JordanHenderson, J.LIV",37,36,3255,6,0,3,82,45,2796,1711,267,17,0,30,21,31,1,1,6,9,15,50
"Hennessey, WayneHennessey, W.CP",3,2,215,0,0,0,0,0,84,8,5,0,0,0,0,0,0,0,0,0,0,0
"Henry, KarlHenry, K.QPR",33,27,2505,8,0,0,17,2,1417,782,214,13,0,33,26,39,0,0,0,0,1,10
"Hepburn-Murphy, RushianHepburn-Murphy, R.AST",1,0,7,0,0,0,0,0,6,0,0,1,0,1,1,1,0,0,0,0,0,0
"Hernández, AbelHernández, A.HUL",25,15,1312,2,0,15,10,0,519,203,30,5,0,12,13,17,1,1,4,1,19,51
"Hernández, JavierHernández, J.MAN",1,1,45,0,0,0,0,0,16,8,2,1,0,0,1,2,0,0,0,0,0,0
"Herrera, AnderHerrera, A.MAN",26,19,1868,6,0,2,25,2,1910,1337,176,13,0,34,37,30,0,0,6,4,7,37
"Hesketh, JakeHesketh, J.SHN",2,1,52,1,0,0,0,0,27,16,2,0,0,1,0,1,0,0,0,0,1,2
"Hibbert, TonyHibbert, T.EVE",4,4,331,0,0,0,1,0,251,136,28,12,0,2,2,2,0,0,0,0,0,1
"Hill, ClintHill, C.QPR",19,15,1407,4,0,0,23,0,850,282,111,25,0,20,7,22,0,0,1,0,2,7
"Hoilett, JuniorHoilett, J.QPR",22,9,878,2,0,1,31,3,516,206,53,6,0,7,12,13,0,0,0,0,5,25
"Holtby, LewisHoltby, L.TOT",1,0,29,0,0,0,0,3,27,15,3,1,0,1,0,1,0,0,0,0,0,1
"Howard, TimHoward, T.EVE",32,32,2835,3,0,0,0,0,1463,387,189,0,0,2,5,1,0,0,0,0,0,0
"Huddlestone, TomHuddlestone, T.HUL",31,30,2545,6,2,0,38,41,1979,1142,243,22,0,46,30,40,0,0,0,2,7,39
"Huth, RobertHuth, R.",15,14,1183,2,0,1,1,0,651,221,108,16,0,18,7,12,0,0,1,0,1,15
"Hutton, AlanHutton, A.AST",30,27,2417,8,0,2,101,0,1991,879,206,40,0,18,50,19,0,0,1,0,4,12
"Ibe, JordanIbe, J.LIV",12,7,618,0,0,0,20,0,430,207,30,1,0,4,13,3,0,0,0,0,4,10
"Ideye, BrownIdeye, B.WBA",24,13,1296,2,0,16,3,0,575,224,23,4,0,8,23,26,0,0,4,2,13,30
"Ince, TomInce, T.HUL",7,3,300,0,0,1,0,1,152,98,12,1,0,2,5,5,0,0,0,0,3,7
"Ings, DannyIngs, D.BUR",35,35,3033,6,0,19,39,0,1281,449,102,22,0,12,49,24,1,1,11,4,33,97
"Ireland, StephenIreland, S.STO",17,11,933,3,0,5,17,4,654,361,79,8,0,19,6,18,0,0,0,3,7,15
"Isgrove, LloydIsgrove, L.SHN",1,0,8,0,0,0,2,0,13,6,0,0,0,1,1,0,0,0,0,0,0,0
"Isla, MauricioIsla, M.QPR",26,24,2131,4,0,2,55,6,1662,646,227,17,0,36,22,16,0,0,0,2,3,7
"Ivanovic, BranislavIvanovic, B.CHE",38,38,3419,10,1,4,109,1,2663,1297,288,33,0,31,26,42,0,0,4,5,12,43
"Jaaskelainen, JussiJaaskelainen, J.WHU",1,0,27,0,0,0,0,0,19,4,4,0,0,0,0,0,0,0,0,0,0,0
"Jagielka, PhilJagielka, P.EVE",37,37,3285,1,0,0,8,1,2854,1720,390,49,0,21,32,21,0,0,4,0,6,15
"Jakupovic, EldinJakupovic, E.HUL",3,2,227,0,0,0,0,0,111,15,12,0,0,0,0,0,0,0,0,0,0,0
"James, MattyJames, M.LEI",27,20,1890,2,1,0,40,70,1259,651,161,12,0,18,19,15,0,0,0,1,6,26
"Janmaat, DarylJanmaat, D.NCU",37,37,3254,6,1,2,106,0,2468,1061,290,27,0,34,20,31,0,0,1,6,6,35
"Januzaj, AdnanJanuzaj, A.MAN",18,7,850,0,0,0,29,1,586,274,47,2,0,7,22,13,0,0,0,0,5,25
"Jarvis, MatthewJarvis, M.WHU",11,4,413,0,0,0,19,9,159,67,7,0,0,1,5,0,0,0,0,0,0,5
"Jedinak, MileJedinak, M.CP",24,24,2080,3,1,0,17,0,1455,601,273,25,0,50,32,44,3,3,5,3,13,31
"Jelavic, NikicaJelavic, N.HUL",26,21,1810,3,0,23,12,0,684,232,46,9,0,13,24,28,0,0,8,1,15,58
"Jenkinson, CarlJenkinson, C.WHU",32,29,2667,2,0,1,131,0,1776,678,150,28,0,17,9,14,0,0,0,2,6,13
"JoelJoelEVE",7,6,585,1,0,0,0,0,264,58,31,0,0,0,0,0,0,0,0,0,0,0
"Johnson, AdamJohnson, A.SUN",32,23,2082,2,0,6,80,50,1124,575,69,12,0,9,35,15,1,1,4,1,10,25
"Johnson, GlenJohnson, G.LIV",19,15,1329,2,0,1,33,0,1127,556,126,17,0,7,14,8,0,0,1,0,2,8
"Jones, BillyJones, B.SUN",14,14,1255,7,0,4,25,0,731,268,82,23,0,12,14,20,0,0,0,0,2,4
"Jones, BradJones, B.LIV",3,3,196,0,0,0,0,0,86,22,15,0,0,0,1,0,0,0,0,0,0,0
"Jones, DavidJones, D.BUR",36,36,3207,0,0,0,11,35,1993,1194,292,25,0,32,16,28,0,0,0,0,5,21
"Jones, PhilJones, P.MAN",22,22,1879,3,0,1,7,2,1695,1012,213,21,0,25,29,26,0,0,0,0,1,3
"Jovetic, StevanJovetic, S.MCY",17,9,787,0,0,1,14,3,624,384,26,3,0,8,15,16,0,0,5,3,12,38
"Jutkiewicz, LucasJutkiewicz, L.BUR",25,10,976,1,0,11,13,0,463,158,24,5,0,8,19,25,0,0,0,2,11,37
"Kaboul, YounesKaboul, Y.TOT",11,11,990,2,0,0,9,0,796,428,129,7,0,8,3,10,0,0,0,0,1,5
"Kane, HarryKane, H.TOT",34,28,2581,4,0,35,42,6,1385,577,91,7,0,23,43,32,2,3,21,4,47,112
"Keane, MichaelKeane, M.",22,17,1641,1,0,0,0,0,997,465,115,31,0,17,6,6,0,0,0,1,3,12
"Kelly, MartinKelly, M.CP",31,27,2498,2,0,1,38,0,1510,494,216,39,0,32,12,36,0,0,0,1,4,10
"Ki, Sung-YuengKi, S.SWA",33,30,2690,4,0,4,15,5,2292,1536,247,20,0,32,46,26,0,0,8,1,13,28
"Kightly, MichaelKightly, M.BUR",17,10,951,3,0,1,35,9,512,179,50,7,0,15,11,17,0,0,1,2,5,14
"King, AndyKing, A.LEI",24,16,1370,1,0,1,13,0,755,401,103,11,0,16,14,7,0,0,2,0,5,14
"Knockaert, AnthonyKnockaert, A.LEI",9,3,330,0,0,0,17,19,207,91,16,3,0,5,7,5,0,0,0,0,1,8
"Kolarov, AleksandarKolarov, A.MCY",21,16,1486,4,0,2,87,24,1433,689,150,19,0,21,19,22,0,0,2,3,8,27
"Kompany, VincentKompany, V.MCY",25,23,2033,7,0,0,3,0,1708,1120,244,16,0,36,8,33,0,0,0,0,0,6
"Konchesky, PaulKonchesky, P.LEI",26,26,2250,3,2,0,52,1,1527,635,187,20,0,20,12,20,0,0,1,1,3,7
"Koné, ArounaKoné, A.EVE",12,7,602,2,0,1,5,0,357,188,13,1,0,3,5,10,0,0,1,1,5,14
"Koscielny, LaurentKoscielny, L.ARS",27,26,2288,4,0,2,3,0,1827,1077,319,27,0,18,16,19,0,0,3,0,4,8
"Kouyate, CheikhouKouyate, C.WHU",31,30,2662,5,0,3,20,0,1560,725,207,22,0,35,45,49,0,0,4,2,14,32
"Kpekawa, ColeKpekawa, C.QPR",1,0,5,0,0,0,0,0,6,1,0,0,0,1,0,0,0,0,0,0,0,0
"Kramaric, AndrejKramaric, A.LEI",13,6,574,0,0,3,8,0,284,139,20,1,0,2,6,1,0,0,2,0,7,22
"Kranjcar, NikoKranjcar, N.QPR",22,11,1113,2,0,1,16,33,827,406,66,3,0,20,17,24,0,0,2,1,8,41
"Krkic, BojanKrkic, B.STO",16,14,1209,2,0,1,32,21,863,479,61,5,0,10,32,7,1,1,4,1,8,32
"Krul, TimKrul, T.NCU",30,30,2700,1,0,0,0,0,1351,275,143,1,0,0,6,0,0,0,0,1,0,0
"Lafferty, DannyLafferty, D.BUR",1,0,16,0,0,0,0,0,6,1,0,0,0,1,0,1,0,0,0,0,0,0
"Lallana, AdamLallana, A.LIV",27,23,1789,4,0,5,39,15,1206,623,130,7,0,19,40,25,0,0,5,3,13,38
"Lambert, RickieLambert, R.LIV",25,7,824,2,0,12,12,0,330,142,19,4,0,3,8,12,0,0,2,2,8,19
"Lamela, ErikLamela, E.TOT",33,25,2299,6,0,6,47,71,1684,922,150,4,0,43,48,50,0,0,2,7,11,38
"Lampard, FrankLampard, F.MCY",32,10,989,1,0,0,5,0,840,562,70,6,0,6,10,7,0,0,6,1,13,32
"Larsson, SebastianLarsson, S.SUN",36,36,3060,10,0,3,91,103,1956,1064,209,32,0,35,49,50,0,0,3,3,15,44
"Lawrence, TomLawrence, T.LEI",3,0,51,0,0,0,0,0,48,22,5,0,0,1,0,1,0,0,0,0,0,3
"Ledley, JoeLedley, J.CP",32,30,2572,0,0,2,19,17,1474,729,202,26,0,20,24,14,0,0,2,0,3,13
"Lee, Chung-YoungLee, C.CP",3,1,91,0,0,0,4,1,59,26,3,0,0,1,0,2,0,0,0,0,0,2
"Lee, ElliotLee, E.WHU",1,0,13,0,0,0,0,0,6,2,0,0,0,0,0,0,0,0,0,0,0,0
"Lennon, AaronLennon, A.",23,15,1348,3,0,3,35,1,656,342,67,13,0,9,22,15,0,0,2,2,5,9
"Lescott, JoleonLescott, J.WBA",34,34,3060,3,0,1,2,0,1788,833,300,47,0,25,24,25,0,0,1,2,3,14
"Lingard, JesseLingard, J.MAN",1,1,24,0,0,0,2,0,29,11,4,0,0,0,1,1,0,0,0,0,0,0
"Livermore, JakeLivermore, J.HUL",35,35,3031,10,0,1,12,0,1992,1158,255,34,0,54,13,52,0,0,1,1,11,34
"Lloris, HugoLloris, H.TOT",35,35,3064,0,0,0,0,0,1452,390,177,0,0,0,3,0,0,0,0,0,0,0
"Loftus-Cheek, RubenLoftus-Cheek, R.CHE",3,2,134,0,0,0,1,0,126,86,13,0,0,5,2,3,0,0,0,0,0,1
"Long, KevinLong, K.BUR",1,0,20,0,0,0,0,0,10,6,1,0,0,0,1,0,0,0,0,0,0,0
"Long, ShaneLong, S.SHN",32,16,1539,2,0,18,48,0,792,308,59,15,0,20,31,27,0,0,5,5,14,36
"Lovren, DejanLovren, D.LIV",26,22,2036,4,0,0,2,0,1927,1196,246,9,0,27,14,18,0,0,0,0,1,18
"Lowton, MatthewLowton, M.AST",12,8,754,2,0,0,17,0,594,254,63,11,0,10,6,8,0,0,0,0,1,3
"Lucas LeivaLucas LeivaLIV",20,16,1313,4,0,1,9,2,1385,881,170,11,0,39,10,28,0,0,0,0,6,11
"Lukaku, RomeluLukaku, R.EVE",36,32,2875,1,0,34,29,0,1426,645,55,2,0,10,24,29,2,2,10,5,41,105
"Maguire, HarryMaguire, H.HUL",3,0,92,1,0,0,1,0,83,21,15,1,0,4,0,4,0,0,0,0,0,0
"Mahrez, RiyadMahrez, R.LEI",30,25,2082,0,0,1,107,42,1408,566,133,19,0,17,37,27,0,0,4,3,24,63
"Maitland-Niles, AinsleyMaitland-Niles, A.ARS",1,0,1,0,0,0,0,0,0,0,0,0,0,0,0,0,0,0,0,0,0,0
"Mandron, MikaelMandron, M.SUN",1,0,4,0,0,0,0,0,1,0,0,0,0,0,0,0,0,0,0,0,0,1
"Mane, SadioMane, S.SHN",30,24,2135,5,0,24,56,1,1282,641,103,7,0,16,75,35,0,0,10,3,26,58
"Mangala, EliaquimMangala, E.MCY",25,24,2189,3,1,0,1,0,1389,810,227,22,0,22,8,21,0,0,0,2,3,14
"Mannone, VitoMannone, V.SUN",10,10,900,0,0,0,0,0,508,173,57,0,0,0,3,0,0,0,0,0,0,0
"Manquillo, JaviManquillo, J.LIV",10,10,761,3,0,2,25,0,603,281,38,9,0,10,10,2,0,0,0,0,0,2
"Mariappa, AdrianMariappa, A.CP",12,8,840,3,0,1,16,2,476,169,61,5,0,11,3,12,0,0,0,0,0,0
"Markovic, LazarMarkovic, L.LIV",19,11,932,0,0,0,19,1,724,354,77,6,0,9,11,10,0,0,2,1,3,16
"Marney, DeanMarney, D.BUR",20,20,1687,6,0,1,18,0,1046,646,114,15,0,18,18,19,0,0,0,1,1,9
"Martínez, DamiánMartínez, D.ARS",4,3,301,0,0,0,1,0,149,28,19,0,0,0,1,0,0,0,0,0,0,0
"Mason, RyanMason, R.TOT",31,29,2325,10,0,1,33,3,1971,1204,198,14,0,48,37,26,0,0,1,4,14,43
"Mata, JuanMata, J.MAN",33,27,2307,2,0,6,87,50,1826,1274,119,3,0,15,37,28,1,1,9,4,12,34
"Matic, NemanjaMatic, N.CHE",36,35,3123,10,1,7,25,0,2975,1903,399,19,0,37,23,48,0,0,1,3,10,31
"Mayuka, EmmanuelMayuka, E.SHN",5,0,49,0,0,1,0,0,25,8,5,0,0,1,0,2,0,0,0,0,0,1
"McArthur, JamesMcArthur, J.CP",32,29,2606,6,0,2,17,1,1640,774,242,37,0,50,33,43,0,0,2,0,9,32
"McAuley, GarethMcAuley, G.WBA",24,24,2072,2,1,1,0,0,1071,471,158,24,0,17,18,10,0,0,1,0,1,8
"McCarthy, AlexMcCarthy, A.QPR",3,2,236,0,0,0,0,0,112,12,5,0,0,0,1,0,0,0,0,0,0,0
"McCarthy, JamesMcCarthy, J.EVE",28,27,2403,7,0,0,16,2,1822,1096,234,28,0,31,34,31,0,0,2,1,2,19
"McCarthy, JasonMcCarthy, J.SHN",1,0,3,0,0,0,0,0,12,4,1,1,0,0,0,0,0,0,0,0,0,0
"McGeady, AidenMcGeady, A.EVE",16,10,886,1,0,0,28,8,463,234,34,7,0,16,9,16,0,0,1,2,3,22
"McGregor, AllanMcGregor, A.HUL",26,26,2340,0,0,0,0,0,955,150,95,0,0,1,6,1,0,0,0,0,0,0
"McManaman, CallumMcManaman, C.WBA",8,5,347,1,0,1,13,2,189,74,21,3,0,4,12,5,0,0,0,1,2,4
"McNair, PaddyMcNair, P.MAN",16,12,1026,2,0,1,3,0,974,609,111,17,0,9,5,8,0,0,0,0,2,4
"McShane, PaulMcShane, P.HUL",20,19,1696,2,0,1,6,0,1005,484,141,16,0,18,13,13,0,0,1,0,4,11
"Mee, BenMee, B.BUR",33,32,2887,10,0,0,48,0,2133,703,226,70,0,56,30,28,0,0,2,1,5,20
"Mertesacker, PerMertesacker, P.ARS",35,35,3150,2,0,0,4,0,2434,1581,381,22,0,23,13,8,0,0,0,1,2,13
"Meyler, DavidMeyler, D.HUL",28,19,1729,7,1,1,22,0,1251,686,144,18,0,21,40,34,0,0,1,1,3,14
"Mignolet, SimonMignolet, S.LIV",36,35,3224,0,0,0,0,0,1489,380,190,0,0,0,5,0,0,0,0,0,0,0
"Mikel, John ObiMikel, J.CHE",18,6,696,1,0,0,4,0,671,463,99,3,0,12,3,14,0,0,0,1,1,3
"Milner, JamesMilner, J.MCY",32,18,1742,6,0,7,96,57,1522,801,127,13,0,27,26,28,0,0,5,7,11,39
"Mirallas, KevinMirallas, K.EVE",29,18,1421,3,0,13,40,32,808,388,62,13,0,10,20,15,0,1,7,1,18,54
"Monreal, NachoMonreal, N.ARS",28,26,2311,3,0,1,43,0,2013,1085,277,24,0,20,20,24,0,0,0,1,1,4
"Montero, JeffersonMontero, J.SWA",30,15,1569,0,0,2,80,6,880,349,78,10,0,15,30,12,0,0,1,7,4,14
"Moore, LiamMoore, L.LEI",11,10,936,4,0,0,1,0,434,198,62,14,0,6,5,8,0,0,0,0,2,4
"Moreno, AlbertoMoreno, A.LIV",28,26,2262,6,0,4,60,0,1597,841,148,18,0,27,35,36,0,0,2,0,6,20
"Morgan, WesMorgan, W.LEI",37,37,3288,1,1,0,3,0,1688,702,289,62,0,37,14,29,0,0,2,2,8,25
"Morrison, JamesMorrison, J.WBA",33,29,2558,3,0,2,39,36,1965,1136,213,30,0,43,25,30,0,0,2,1,12,30
"Morrison, RavelMorrison, R.WHU",1,0,33,0,0,1,0,0,20,12,1,1,0,0,0,0,0,0,0,0,0,0
"Moses, VictorMoses, V.STO",19,19,1455,3,0,3,64,62,950,351,85,13,0,18,35,20,1,1,3,3,14,42
"Mulumbu, YoussoufMulumbu, Y.WBA",17,10,902,1,1,0,8,0,755,449,83,9,0,24,22,26,0,0,0,0,2,12
"Muniesa, MarcMuniesa, M.STO",19,14,1387,3,0,0,16,3,984,474,140,18,0,22,14,18,0,0,0,0,2,5
"Murray, GlennMurray, G.CP",17,9,866,3,1,15,5,0,409,102,13,6,0,12,28,28,1,2,7,3,18,39
"Mutch, JordonMutch, J.",16,10,851,5,0,5,11,9,533,272,52,5,0,8,4,16,0,0,0,1,2,13
"Myhill, BoazMyhill, B.WBA",11,10,934,1,0,0,0,0,473,35,39,0,0,1,0,1,0,0,0,0,0,0
"N'Doye, DameN'Doye, D.HUL",15,13,1195,3,0,10,5,0,598,246,47,3,0,17,32,32,0,0,5,1,17,40
"N'Zogbia, CharlesN'Zogbia, C.AST",27,19,1429,3,0,3,27,19,830,426,53,5,0,14,16,31,0,0,0,2,7,26
"Naismith, StevenNaismith, S.EVE",31,22,2056,8,0,9,15,0,1440,722,116,17,0,27,58,40,0,0,6,0,11,33
"NaniNaniMAN",1,0,45,0,0,0,3,0,18,11,0,0,0,0,1,0,0,0,0,0,0,0
"Nasri, SamirNasri, S.MCY",24,18,1578,5,0,8,44,63,1499,1079,70,9,0,11,8,13,0,0,2,6,10,34
"Naughton, KyleNaughton, K.",15,15,1184,1,2,0,20,0,1056,551,111,19,0,12,14,14,0,0,0,1,1,3
"Navas, JesúsNavas, J.MCY",35,23,2248,3,0,8,157,94,1915,1146,163,11,0,13,27,22,0,0,0,8,17,45
"NenéNenéWHU",8,0,128,0,0,0,2,9,95,38,4,0,0,2,2,0,0,0,0,0,2,9
"Noble, MarkNoble, M.WHU",28,27,2307,4,0,2,37,69,1878,1088,259,13,0,46,34,34,1,2,2,3,5,22
"Nolan, KevinNolan, K.WHU",29,19,1745,2,0,6,5,3,914,474,130,22,0,17,14,22,0,0,1,1,13,30
"Nugent, DavidNugent, D.LEI",29,16,1704,3,0,6,28,0,759,330,38,10,0,16,19,23,1,2,5,2,11,39
"Nzonzi, StevenNzonzi, S.STO",38,38,3374,2,0,5,44,0,2670,1675,252,25,0,51,27,31,0,0,3,2,11,47
"O'Brien, JoeyO'Brien, J.WHU",9,6,526,2,0,0,11,0,330,135,32,9,0,4,7,8,0,0,0,0,0,2
"O'Keefe, StuartO'Keefe, S.CP",2,1,84,0,0,0,0,0,36,19,6,0,0,0,1,3,0,0,0,0,0,0
"O'Shea, JohnO'Shea, J.SUN",37,37,3271,4,0,1,4,0,1928,1089,288,28,0,28,16,28,0,0,0,0,0,7
"Obertan, GabrielObertan, G.NCU",13,8,651,0,0,1,20,3,377,156,45,1,0,3,13,3,0,0,1,2,1,6
"Odemwingie, PeterOdemwingie, P.STO",7,1,190,0,0,0,7,0,108,55,9,0,0,2,2,1,0,0,0,0,1,1
"Okore, JoresOkore, J.AST",23,22,2009,6,0,0,6,0,1429,786,233,15,0,22,34,19,0,0,1,0,2,4
"Oliveira, NelsonOliveira, N.SWA",10,4,389,0,0,2,4,0,245,107,19,0,0,2,8,5,0,0,1,0,3,10
"Olsson, JonasOlsson, J.WBA",13,9,823,2,0,1,2,0,438,262,43,14,0,7,4,6,0,0,1,0,1,3
"Onuoha, NedumOnuoha, N.QPR",23,22,1927,2,1,2,27,0,1368,521,243,23,0,23,17,22,0,0,0,0,0,9
"OscarOscarCHE",28,26,2034,5,0,4,48,8,1678,1023,130,7,0,36,22,34,0,0,6,8,23,71
"Osman, LeonOsman, L.EVE",21,13,1274,0,0,1,15,1,939,548,80,14,0,9,20,17,0,0,2,2,15,28
"Ospina, DavidOspina, D.ARS",18,18,1620,0,0,0,0,0,676,114,96,0,0,1,4,0,0,0,0,0,0,0
"Oviedo, BryanOviedo, B.EVE",6,2,318,3,0,1,12,4,261,113,37,5,0,5,6,6,0,0,0,0,1,3
"Oxlade-Chamberlain, AlexOxlade-Chamberlain, A.ARS",23,17,1491,4,0,1,58,13,1152,599,99,6,0,15,11,14,0,0,1,1,8,34
"Ozil, MesutOzil, M.ARS",22,21,1859,0,0,9,72,58,1651,1135,84,4,0,7,26,10,0,0,4,5,12,28
"Pantilimon, CostelPantilimon, C.SUN",28,28,2520,2,0,0,0,0,1337,189,160,1,0,1,11,0,0,0,0,0,0,0
"PaulinhoPaulinhoTOT",15,3,479,3,0,1,7,6,429,266,41,3,0,9,3,11,0,0,0,1,2,7
"Pelle, GrazianoPelle, G.SHN",38,37,3284,6,0,27,16,0,1760,760,96,8,0,35,38,70,0,0,12,2,36,122
"Pereira, AndreasPereira, A.MAN",1,0,13,0,0,0,0,0,13,3,2,0,0,1,0,1,0,0,0,0,0,0
"Pérez, AyozePérez, A.NCU",36,25,2368,0,0,13,33,18,1196,460,115,10,0,25,39,31,0,0,7,0,25,61
"Phillips, MattPhillips, M.QPR",25,20,1822,1,0,4,99,41,1149,359,107,20,0,16,14,19,0,0,3,8,11,42
"Pienaar, StevenPienaar, S.EVE",9,3,314,1,0,0,4,1,246,123,24,0,0,5,15,7,0,0,0,2,1,5
"Pieters, ErikPieters, E.STO",31,29,2562,8,0,0,69,0,1910,844,206,38,0,43,36,45,0,0,0,2,1,8
"Pocognoli, SebastienPocognoli, S.WBA",15,15,1214,1,0,1,39,14,882,341,86,19,0,20,10,20,0,0,0,0,2,7
"Podolski, LukasPodolski, L.ARS",7,0,99,0,0,0,3,2,89,60,4,0,0,0,2,1,0,0,0,0,3,9
"Powell, NickPowell, N.LEI",3,0,40,0,0,0,1,1,23,9,1,0,0,0,1,0,0,0,0,0,0,2
"Poyet, DiegoPoyet, D.WHU",3,1,90,1,0,0,0,0,53,37,2,1,0,0,2,2,0,0,0,0,0,0
"Pozo, José ÁngelPozo, J.MCY",3,1,137,0,0,4,1,0,36,20,3,1,0,1,2,2,0,0,0,0,2,3
"Puncheon, JasonPuncheon, J.CP",37,31,2825,7,1,4,113,104,1877,894,184,12,0,39,28,49,0,0,6,7,20,64
"Quinn, StephenQuinn, S.HUL",28,17,1637,3,1,3,45,15,1207,728,124,12,0,15,36,19,0,0,1,3,7,16
"RafaelRafaelMAN",10,6,590,2,0,0,28,0,606,304,71,4,0,6,10,6,0,0,0,1,0,2
"RamiresRamiresCHE",23,11,1102,4,0,1,14,0,786,433,82,3,0,13,17,19,0,0,2,4,5,17
"Ramírez, GastónRamírez, G.",23,11,1008,1,1,3,23,33,758,379,73,12,0,21,21,15,0,0,1,2,7,17
"Ramsey, AaronRamsey, A.ARS",29,23,2009,6,0,5,48,3,2031,1326,172,7,0,16,30,22,0,0,6,6,17,63
"Rangel, ÀngelRangel, À.SWA",27,22,2036,1,1,1,24,0,1956,1101,193,28,0,24,12,28,0,0,0,0,2,5
"Reed, HarrisonReed, H.SHN",9,5,460,0,0,0,7,0,348,195,52,5,0,9,12,8,0,0,0,0,2,5
"Reid, StevenReid, S.BUR",7,1,109,1,0,0,1,0,98,47,24,3,0,1,3,2,0,0,0,0,0,0
"Reid, WinstonReid, W.WHU",30,29,2503,10,0,3,2,0,1514,706,250,41,0,21,38,29,0,0,1,0,2,11
"Remy, LoïcRemy, L.",21,8,845,0,0,10,15,0,392,208,20,1,0,3,15,10,0,0,7,0,16,37
"Reveillere, AnthonyReveillere, A.SUN",16,15,1327,0,0,0,18,2,958,431,103,23,0,14,8,8,0,0,0,2,1,4
"Richards, Ashley JazzRichards, A.SWA",10,7,634,1,0,1,6,0,490,255,37,7,0,9,8,7,0,0,0,1,0,0
"Richardson, KieranRichardson, K.AST",22,16,1345,2,1,2,27,0,785,371,111,7,0,12,7,13,0,0,0,1,3,9
"Rivière, EmmanuelRivière, E.NCU",23,15,1214,0,0,1,14,0,532,248,24,4,0,8,17,13,0,0,1,1,8,31
"Roberge, ValentinRoberge, V.SUN",1,1,90,1,0,0,0,0,43,27,2,0,0,1,0,2,0,0,0,0,0,1
"Robertson, AndrewRobertson, A.HUL",24,17,1526,7,0,1,65,1,1136,496,122,21,0,19,8,11,0,0,0,2,3,11
"Rodwell, JackRodwell, J.SUN",23,17,1486,5,0,1,7,0,756,438,83,13,0,18,17,26,0,0,3,0,13,30
"Rojo, MarcosRojo, M.MAN",22,20,1764,6,0,1,21,0,1837,1134,193,11,0,22,4,24,0,0,0,0,4,16
"Rooney, WayneRooney, W.MAN",33,33,2876,5,1,16,52,49,2162,1358,159,9,0,28,24,37,1,2,12,5,27,78
"Rose, DannyRose, D.TOT",28,27,2372,7,0,4,79,2,2068,906,249,34,0,56,51,49,0,0,3,5,7,24
"Rosenior, LiamRosenior, L.HUL",13,5,577,0,0,0,13,0,452,241,46,7,0,1,1,4,0,0,0,1,0,4
"Rosicky, TomasRosicky, T.ARS",15,5,576,1,0,0,5,2,527,360,46,3,0,6,11,7,0,0,2,1,5,10
"Routledge, WayneRoutledge, W.SWA",29,27,2316,1,1,21,99,4,1244,589,106,4,0,27,31,36,0,0,3,1,7,31
"Sagbo, YannickSagbo, Y.HUL",4,0,55,0,0,0,1,0,48,28,2,0,0,0,2,3,0,0,0,0,0,0
"Sagna, BacarySagna, B.MCY",9,8,740,1,0,0,17,0,707,378,76,8,0,8,4,5,0,0,0,0,0,1
"Sakho, DiafraSakho, D.WHU",23,20,1760,2,0,22,39,2,814,194,49,4,0,15,17,26,0,0,10,2,22,65
"Sakho, MamadouSakho, M.LIV",16,15,1418,1,0,0,0,0,1265,809,185,4,0,13,4,8,0,0,0,0,1,2
"Salah, MohamedSalah, M.CHE",3,0,30,0,0,0,0,0,36,16,1,0,0,1,0,1,0,0,0,0,0,1
"Samaras, GeorgiosSamaras, G.WBA",5,0,67,0,0,0,3,0,69,36,3,0,0,2,1,3,0,0,0,0,1,1
"Sánchez, AlexisSánchez, A.ARS",35,34,2949,4,0,7,115,66,2346,1136,191,9,0,23,71,44,0,1,16,8,50,122
"Sánchez, CarlosSánchez, C.AST",28,20,1985,6,1,0,11,0,1773,1087,288,11,0,31,12,47,0,0,1,0,5,17
"SandroSandroQPR",17,17,1218,6,0,0,4,0,839,359,163,14,0,29,10,27,0,0,1,0,4,15
"Sanogo, YayaSanogo, Y.",13,5,457,1,0,5,1,0,232,75,13,3,0,6,6,20,0,0,0,0,2,17
"Schlupp, JeffSchlupp, J.LEI",32,30,2539,4,0,1,52,0,1567,520,175,29,0,32,49,29,0,0,3,2,8,40
"Schmeichel, KasperSchmeichel, K.LEI",24,24,2160,0,0,0,1,0,999,113,76,1,0,0,0,0,0,0,0,0,0,0
"Schneiderlin, MorganSchneiderlin, M.SHN",26,24,2185,5,1,2,17,22,2039,1312,260,17,0,51,18,46,0,0,4,1,10,32
"Schurrle, AndréSchurrle, A.CHE",14,5,431,2,0,4,15,13,324,160,26,2,0,6,7,10,0,0,3,0,6,21
"Schwarzer, MarkSchwarzer, M.LEI",6,6,540,0,0,0,0,0,279,39,36,0,0,0,1,0,0,0,0,0,0,0
"Seager, RyanSeager, R.SHN",1,0,1,0,0,0,0,0,1,0,0,0,0,0,0,0,0,0,0,0,0,0
"Senderos, PhilippeSenderos, P.AST",8,7,632,2,0,0,0,0,383,206,69,9,0,8,5,9,0,0,0,0,1,5
"Sessegnon, StephaneSessegnon, S.WBA",28,20,1761,5,0,4,29,0,1027,540,85,8,0,14,54,15,0,0,1,3,10,29
"Shackell, JasonShackell, J.BUR",38,38,3347,3,0,0,5,0,2142,964,302,57,0,24,45,23,0,0,0,0,2,9
"Shaw, LukeShaw, L.MAN",16,15,1126,1,1,0,43,0,943,485,89,16,0,14,15,12,0,0,0,0,1,3
"Shawcross, RyanShawcross, R.STO",32,32,2832,7,0,3,17,1,1825,892,216,48,0,32,21,28,0,0,2,1,3,19
"Shelvey, JonjoShelvey, J.SWA",31,28,2454,8,1,2,60,24,1909,1120,157,17,0,34,17,35,1,1,3,5,17,61
"Shenton, OliverShenton, O.STO",1,0,1,0,0,0,0,0,1,0,0,0,0,0,0,0,0,0,0,0,0,0
"Sidwell, SteveSidwell, S.STO",12,5,447,3,0,0,2,0,338,193,41,6,0,7,8,12,0,0,0,0,0,8
"Sigurdsson, GylfiSigurdsson, G.SWA",32,32,2697,2,0,2,77,108,1661,964,127,12,0,11,40,23,0,0,7,10,26,70
"Silva, DavidSilva, D.MCY",32,32,2659,8,0,3,63,34,2648,1775,169,13,0,19,45,36,0,0,12,7,27,66
"Simpson, DannySimpson, D.",15,14,1253,4,0,0,29,1,865,302,125,13,0,26,8,16,0,0,0,0,0,2
"Sinclair, JeromeSinclair, J.LIV",2,0,25,0,0,0,0,0,2,1,0,0,0,0,1,0,0,0,0,0,0,0
"Sinclair, ScottSinclair, S.",11,5,464,0,0,1,5,2,229,113,19,2,0,2,6,2,0,0,1,0,3,7
"Sissoko, MoussaSissoko, M.NCU",34,34,3032,7,2,2,80,3,2059,990,197,12,0,31,43,54,0,0,4,2,16,46
"Skrtel, MartinSkrtel, M.LIV",33,33,2970,8,0,2,6,0,2506,1569,312,48,0,38,17,24,0,0,1,0,2,19
"Smalling, ChrisSmalling, C.MAN",25,21,1879,1,1,0,6,0,1720,1093,238,23,0,16,12,24,0,0,4,0,6,15
"Snodgrass, RobertSnodgrass, R.HUL",1,1,40,0,0,0,2,3,30,14,5,0,0,0,0,0,0,0,0,0,0,0
"Soldado, RobertoSoldado, R.TOT",24,7,794,1,0,5,11,0,335,173,23,1,0,6,8,11,0,1,1,1,7,21
"Song, AlexSong, A.WHU",28,25,2249,4,0,0,13,1,1819,938,280,20,0,58,52,50,0,0,0,3,1,13
"Sordell, MarvinSordell, M.BUR",14,2,281,2,0,3,8,0,105,39,3,2,0,2,4,4,0,0,0,0,1,3
"Souaré, PapeSouaré, P.CP",9,7,606,1,0,0,24,0,407,166,32,4,0,7,8,6,0,0,0,0,0,3
"Speroni, JuliánSperoni, J.CP",36,36,3205,1,0,0,0,0,1326,181,159,1,0,0,1,0,0,0,0,0,0,0
"Stambouli, BenjaminStambouli, B.TOT",12,4,453,4,0,0,5,0,372,222,55,5,0,6,6,6,0,0,0,0,0,2
"Steer, JedSteer, J.AST",1,1,90,0,0,0,0,0,34,10,0,0,0,0,0,0,0,0,0,0,0,0
"Sterling, RaheemSterling, R.LIV",35,34,3050,5,0,16,87,6,1931,906,128,8,0,22,94,45,0,0,7,7,34,84
"Stones, JohnStones, J.EVE",23,23,2044,1,0,0,5,0,1557,958,202,31,0,15,10,7,0,0,1,0,1,8
"Sturridge, DanielSturridge, D.LIV",12,7,751,0,0,6,4,0,361,179,13,0,0,2,16,5,0,0,4,1,14,39
"Szczesny, WojciechSzczesny, W.ARS",17,17,1499,1,0,0,0,0,648,195,78,0,0,0,3,0,0,0,0,0,0,0
"Taarabt, AdelTaarabt, A.QPR",7,3,295,0,0,0,12,5,258,146,12,0,0,0,11,2,0,0,0,0,1,11
"Tadic, DusanTadic, D.SHN",31,24,2060,2,0,12,170,62,1374,667,100,19,0,23,23,29,1,2,4,8,21,54
"Targett, MatthewTargett, M.SHN",6,3,225,0,0,0,4,0,183,83,16,3,0,0,3,1,0,0,0,0,0,1
"Taylor-Fletcher, GaryTaylor-Fletcher, G.LEI",1,0,17,0,0,0,0,0,5,2,0,0,0,1,0,1,0,0,0,0,0,0
"Taylor, MatthewTaylor, M.BUR",10,7,570,0,0,1,15,7,302,111,22,10,0,5,6,9,0,1,0,1,2,8
"Taylor, NeilTaylor, N.SWA",34,34,3000,9,0,0,40,1,2073,1082,179,51,0,47,28,31,0,0,0,2,0,3
"Taylor, RyanTaylor, R.NCU",14,11,907,3,0,0,53,66,768,319,98,13,0,10,15,8,0,0,0,1,6,16
"Taylor, StevenTaylor, S.NCU",10,7,653,2,1,1,0,0,363,203,45,11,0,6,5,6,0,0,1,0,1,5
"Teixeira, DionatanTeixeira, D.STO",1,0,4,0,0,0,0,0,0,0,0,0,0,0,0,0,0,0,0,0,0,0
"Terry, JohnTerry, J.CHE",38,38,3420,2,0,1,3,0,2241,1435,348,32,0,14,18,13,0,0,5,0,9,19
"Thomas, JeromeThomas, J.CP",1,0,6,0,0,0,0,0,9,4,1,0,0,0,1,0,0,0,0,0,0,0
"Thorpe, TomThorpe, T.MAN",1,0,1,0,0,0,0,0,0,0,0,0,0,0,0,0,0,0,0,0,0,0
"Tiendalli, DwightTiendalli, D.SWA",3,1,128,0,0,0,0,0,80,46,9,2,0,1,2,3,0,0,0,0,0,0
"Tioté, CheickTioté, C.NCU",11,10,898,5,0,0,5,0,895,535,110,11,0,28,10,24,0,0,0,2,1,9
"Tomkins, JamesTomkins, J.WHU",22,20,1852,6,0,0,11,0,1242,579,182,28,0,24,21,18,0,0,1,3,5,18
"Touré, KoloTouré, K.LIV",12,7,710,0,0,0,0,0,513,296,69,9,0,2,1,3,0,0,0,0,0,1
"Touré, YayaTouré, Y.MCY",29,27,2355,5,0,0,25,0,2864,2088,220,7,0,22,18,33,2,2,10,1,26,89
"Townsend, AndrosTownsend, A.TOT",17,10,751,2,0,1,38,21,525,254,46,3,0,9,11,6,1,1,2,2,8,16
"Traoré, ArmandTraoré, A.QPR",16,7,780,2,0,0,15,0,633,241,91,15,0,11,5,11,0,0,0,0,1,6
"Tremmel, GerhardTremmel, G.SWA",2,1,109,0,0,0,0,0,51,17,8,0,0,0,0,0,0,0,0,0,0,0
"Trippier, KieranTrippier, K.BUR",38,38,3416,2,0,2,266,82,3156,1059,307,43,0,39,48,17,0,0,0,4,3,11
"Ulloa, LeonardoUlloa, L.LEI",37,29,2407,3,0,13,17,0,1312,544,95,16,0,37,34,68,2,2,11,3,18,50
"Ulvestad, FredrikUlvestad, F.BUR",2,1,67,1,0,0,0,0,41,21,4,0,0,1,1,1,0,0,0,0,0,0
"Upson, MatthewUpson, M.LEI",5,5,374,0,0,0,0,0,210,93,31,6,0,2,1,2,0,0,0,0,2,2
"Valdés, VíctorValdés, V.MAN",2,1,106,0,0,0,0,0,82,13,8,0,0,0,0,0,0,0,0,0,0,0
"Valencia, AntonioValencia, A.MAN",32,29,2583,4,0,3,105,0,2538,1519,261,24,0,34,24,37,0,0,0,3,4,7
"Valencia, EnnerValencia, E.WHU",32,25,2105,2,0,30,34,3,946,317,84,10,0,23,45,37,0,0,4,3,21,71
"Van Aanholt, PatrickVan Aanholt, P.SUN",28,26,2306,4,0,2,53,0,1681,732,200,29,0,31,15,21,0,0,0,5,5,30
"Van Persie, RobinVan Persie, R.MAN",27,25,2114,5,0,21,17,6,889,438,72,5,0,12,27,34,1,2,10,2,35,75
"Vardy, JamieVardy, J.LEI",34,26,2245,5,0,30,48,2,944,299,51,12,0,31,32,41,0,0,5,8,24,49
"Varela, SilvestreVarela, S.WBA",7,3,333,1,0,1,19,0,245,107,17,5,0,6,6,7,0,0,1,0,2,10
"Vargas, EduardoVargas, E.QPR",21,16,1385,1,0,3,30,10,792,370,84,6,0,7,20,12,0,0,3,2,12,40
"Vaz Te, RicardoVaz Te, R.WHU",4,3,224,0,0,0,4,0,95,45,5,0,0,2,3,1,0,0,0,0,3,7
"Vergini, SantiagoVergini, S.SUN",31,28,2623,6,0,1,28,2,1761,852,183,36,0,30,9,17,0,0,0,0,5,13
"Vertonghen, JanVertonghen, J.TOT",32,31,2810,6,0,1,9,0,2128,1222,329,37,0,40,19,21,0,0,0,0,3,13
"Vlaar, RonVlaar, R.AST",20,19,1646,3,1,0,1,0,997,525,171,22,0,15,3,9,0,0,0,1,2,14
"Vokes, SamVokes, S.BUR",15,5,562,0,0,0,0,0,276,81,12,0,0,0,0,5,0,0,0,0,6,17
"Vorm, MichelVorm, M.TOT",4,3,356,0,0,0,0,0,177,32,26,0,0,0,0,0,0,0,0,0,0,0
"Vuckic, HarisVuckic, H.NCU",1,0,8,0,0,0,0,0,6,5,1,0,0,0,0,0,0,0,0,0,0,0
"Walcott, TheoWalcott, T.ARS",14,4,441,0,0,4,8,4,194,100,14,0,0,0,2,2,0,0,5,0,15,23
"Walker, KyleWalker, K.TOT",15,15,1307,3,0,0,37,0,1241,605,146,12,0,9,10,15,0,0,0,0,0,6
"Wallace, RossWallace, R.BUR",15,1,228,2,0,0,15,11,158,72,14,2,0,8,1,5,0,0,1,0,3,10
"Walters, JonathanWalters, J.STO",32,28,2423,5,0,15,50,0,1214,462,86,24,0,18,33,33,0,0,8,4,19,44
"Wanyama, VictorWanyama, V.SHN",32,26,2360,10,0,1,19,0,2129,1239,300,11,0,63,33,67,0,0,3,1,8,27
"Ward-Prowse, JamesWard-Prowse, J.SHN",25,16,1478,0,1,1,62,67,1043,610,99,6,0,12,10,19,1,1,1,6,12,30
"Ward, JoelWard, J.CP",37,37,3330,4,0,0,75,16,2309,810,294,33,0,41,52,38,0,0,1,0,2,11
"Ward, StephenWard, S.BUR",9,7,623,3,0,0,10,0,385,133,28,16,0,5,5,4,0,0,0,0,0,1
"Wasilewski, MarcinWasilewski, M.LEI",25,22,1989,6,0,0,6,0,1057,383,175,28,0,28,12,41,0,0,1,1,1,12
"Weimann, AndreasWeimann, A.AST",31,20,1777,5,0,6,22,2,781,421,69,12,0,14,14,16,0,0,3,2,12,33
"Welbeck, DannyWelbeck, D.",27,18,1711,3,0,7,12,0,896,431,81,7,0,14,16,15,0,0,4,4,22,59
"Westwood, AshleyWestwood, A.AST",27,25,2152,4,0,0,60,56,1707,1080,201,23,0,21,11,22,0,0,0,1,5,18
"Whelan, GlennWhelan, G.STO",28,26,2264,5,0,1,20,1,1652,1003,212,29,0,36,17,34,0,0,0,0,2,15
"Wickham, ConnorWickham, C.SUN",36,31,2773,8,0,8,59,0,1539,553,125,15,0,40,62,59,0,0,5,1,24,82
"Williams, AshleyWilliams, A.SWA",37,37,3330,6,0,2,1,0,2651,1583,323,55,0,33,13,29,0,0,0,0,1,7
"Williams, JonathanWilliams, J.CP",2,0,34,0,0,0,1,1,26,15,2,0,0,0,2,0,0,0,0,0,0,2
"Williamson, MikeWilliamson, M.NCU",31,27,2415,5,2,0,4,0,1404,723,191,23,0,18,17,16,0,0,1,1,2,10
"WillianWillianCHE",36,28,2415,3,0,4,90,39,1930,1177,165,6,0,13,53,27,0,0,2,3,17,55
"Wilshere, JackWilshere, J.ARS",14,9,732,4,0,0,11,1,684,431,37,2,0,10,22,11,0,0,2,1,8,17
"Wilson, JamesWilson, J.MAN",13,2,348,3,0,0,2,0,163,72,10,0,0,1,4,3,0,0,1,0,4,8
"Wilson, MarcWilson, M.STO",27,25,2124,4,1,0,12,1,1413,749,172,21,0,32,2,25,0,0,0,0,0,6
"Wisdom, AndreWisdom, A.WBA",24,22,1971,1,0,2,42,0,1422,683,156,22,0,21,7,13,0,0,0,1,0,3
"Wollscheid, PhilippWollscheid, P.STO",12,12,1007,4,0,0,0,0,657,350,74,11,0,14,8,9,0,0,0,0,0,3
"Wood, ChrisWood, C.LEI",7,0,107,0,0,1,0,0,60,17,2,0,0,1,2,5,0,0,1,0,1,5
"Wright-Phillips, ShaunWright-Phillips, S.QPR",4,1,128,0,0,0,1,0,79,30,11,2,0,6,0,2,0,0,0,0,1,2
"Yacob, ClaudioYacob, C.WBA",20,16,1390,5,1,0,4,0,894,435,143,16,0,37,16,27,0,0,0,0,1,8
"Yedlin, DeAndreYedlin, D.TOT",1,0,11,0,0,0,0,0,7,3,0,0,0,0,0,0,0,0,0,0,0,0
"Yoshida, MayaYoshida, M.SHN",22,18,1690,3,0,0,8,0,1414,804,204,16,0,15,12,15,0,0,1,1,3,11
"Young, AshleyYoung, A.MAN",26,23,2068,5,0,2,147,34,1492,739,123,11,0,19,27,24,0,0,2,5,5,28
"Yun, Suk-YoungYun, S.QPR",23,19,1725,4,0,1,39,2,1203,460,151,36,0,29,25,15,0,0,0,0,1,6
"Zabaleta, PabloZabaleta, P.MCY",29,29,2586,6,1,1,50,0,2319,1300,244,20,0,52,14,30,0,0,1,4,2,12
"Zaha, WilfriedZaha, W.CP",31,23,1982,1,0,8,82,10,1080,339,101,13,0,35,47,45,0,0,4,2,15,40
"Zamora, BobbyZamora, B.QPR",31,19,1782,4,0,24,19,0,892,383,47,3,0,13,20,46,0,0,3,4,6,31
"Zárate, MauroZárate, M.",11,5,486,2,0,2,11,9,286,143,19,3,0,7,7,12,0,0,2,1,7,18
"Zouma, KurtZouma, K.CHE",15,7,645,0,0,0,0,0,383,208,46,6,0,12,1,6,0,0,0,0,0,1
