"name","GP","GS","MP","YC","RC","OFF","C","CK","TT","P","INT","BLK","GMB","TKL","FS","FC","PKG","PK","G","A","SOG","S"
"Aarons, RolandoAarons, R.NEW",10,3,377,1,0,0,12,0,255,99,5,2,0,21,8,9,0,0,1,1,1,2
"Abdi, AlmenAbdi, A.WAT",32,25,1984,4,0,1,42,13,1396,771,33,14,0,122,22,37,0,0,2,0,10,39
"Abraham, TammyAbraham, T.CHE",2,0,53,0,0,3,1,0,22,6,0,0,0,0,0,2,0,0,0,0,0,2
"Adam, CharlieAdam, C.STK",22,12,1042,6,1,0,26,18,803,434,16,11,0,33,25,30,0,0,1,1,4,30
"Adebayor, EmmanuelAdebayor, E.CRY",12,7,617,1,0,11,3,0,365,157,2,0,0,7,5,10,0,0,1,1,4,12
"AdriánAdriánWHU",32,32,2879,1,1,0,0,0,1215,146,23,0,0,1,2,1,0,0,0,0,0,0
"Afellay, IbrahimAfellay, I.STK",31,24,2105,3,1,2,46,29,1629,1108,24,9,0,44,36,18,0,0,2,2,7,39
"Afobe, BenikAfobe, B.BOU",15,12,936,0,0,9,5,0,375,191,4,1,0,5,9,15,0,0,4,0,5,14
"Agbonlahor, GabrielAgbonlahor, G.AVL",15,13,1036,0,0,3,15,0,359,144,5,3,0,9,13,21,0,0,1,2,6,10
"Agüero, SergioAgüero, S.MCI",30,29,2373,1,0,27,34,0,1239,591,13,3,0,36,36,20,4,5,24,2,50,118
"Ake, NathanAke, N.WAT",24,20,1874,4,1,0,42,0,1284,457,43,43,0,103,13,28,0,0,1,0,5,16
"Albrighton, MarcAlbrighton, M.LEI",38,34,2765,4,0,3,221,82,1652,632,43,22,0,86,27,22,0,0,2,6,11,41
"Alderweireld, TobyAlderweireld, T.TOT",38,38,3419,3,0,1,23,0,2700,1674,81,47,0,57,5,10,0,0,4,2,13,39
"Allen, JoeAllen, J.LIV",19,8,731,0,0,1,14,1,580,341,24,3,0,32,21,14,0,0,2,1,4,12
"Alli, DeleAlli, D.TOT",33,28,2479,7,0,6,42,3,1782,804,45,16,0,95,66,49,0,0,10,9,28,74
"Allsop, RyanAllsop, R.BOU",1,0,45,0,0,0,0,0,9,4,0,0,0,0,0,0,0,0,0,0,0,0
"Amartey, DanielAmartey, D.LEI",5,1,102,0,0,0,1,0,91,55,1,0,0,0,0,0,0,0,0,0,1,1
"Amat, JordiAmat, J.SWA",8,5,461,0,0,0,0,0,274,144,10,5,0,17,4,4,0,0,0,0,0,1
"Amavi, JordanAmavi, J.AVL",10,9,836,2,0,0,42,1,772,303,47,8,0,42,10,18,0,0,0,2,1,6
"Amrabat, NordinAmrabat, N.WAT",12,4,501,2,1,2,38,2,330,126,3,3,0,17,19,16,0,0,0,0,3,6
"Anichebe, VictorAnichebe, V.WBA",10,3,365,0,0,4,2,0,201,61,0,0,0,3,7,3,0,0,0,0,4,12
"Anita, VurnonAnita, V.NEW",28,24,2106,6,0,0,34,0,1497,766,65,25,0,112,12,29,0,0,1,3,2,8
"Antonio, MichailAntonio, M.WHU",26,23,2062,3,0,11,92,0,1247,387,38,17,0,58,33,27,0,0,8,3,20,55
"Anya, IkechiAnya, I.WAT",28,17,1680,0,0,1,64,3,1107,525,32,20,0,21,17,2,0,0,0,1,1,10
"Arlauskis, GiedriusArlauskis, G.WAT",1,0,23,0,0,0,0,0,12,0,0,0,0,0,0,0,0,0,0,0,0,0
"Arnautovic, MarkoArnautovic, M.STK",34,33,2818,2,0,32,81,2,1660,862,38,8,0,70,24,48,3,3,11,6,22,70
"Arter, HarryArter, H.BOU",21,21,1670,7,0,0,16,2,1274,844,19,8,0,57,16,23,0,0,1,0,7,36
"Arteta, MikelArteta, M.ARS",9,0,161,1,0,1,1,0,168,116,4,1,0,15,4,8,0,0,0,0,1,1
"Austin, CharlieAustin, C.SOU",7,2,208,0,0,2,3,0,113,31,1,0,0,5,7,3,0,0,1,0,2,8
"Ayew, AndréAyew, A.SWA",34,34,2937,5,0,9,25,1,1637,836,24,11,0,84,78,36,0,0,12,2,25,65
"Ayew, JordanAyew, J.AVL",30,27,2352,6,1,10,47,0,1487,610,17,6,0,74,38,48,1,1,7,0,21,59
"Azpilicueta, CésarAzpilicueta, C.CHE",37,36,3202,7,0,1,77,0,2665,1450,87,41,0,127,18,38,0,0,2,3,5,10
"Bacuna, LeandroBacuna, L.AVL",31,27,2418,8,0,2,85,18,1751,911,33,20,0,59,12,36,0,0,1,0,8,31
"Baines, LeightonBaines, L.EVE",18,16,1477,0,0,4,73,45,1229,664,14,23,0,50,20,6,1,1,2,1,3,9
"Bamford, PatrickBamford, P.",13,2,355,0,0,3,7,0,165,58,4,2,0,3,3,8,0,0,0,0,4,11
"Bardsley, PhilBardsley, P.STK",11,9,816,1,0,0,19,0,550,235,20,15,0,40,15,12,0,0,0,1,2,7
"Barkley, RossBarkley, R.EVE",38,36,3085,4,0,5,77,68,2522,1549,42,11,0,52,70,29,2,2,8,8,28,95
"Barrow, ModouBarrow, M.SWA",22,6,781,0,0,2,39,0,442,165,6,5,0,18,24,3,0,0,1,2,4,12
"Barry, GarethBarry, G.EVE",33,32,2835,5,1,1,44,11,2563,1681,60,39,0,132,27,44,0,0,0,1,4,14
"Bartley, KyleBartley, K.SWA",5,3,284,2,0,0,1,0,200,99,12,8,0,9,4,4,0,0,0,0,0,1
"Bassong, SébastienBassong, S.NOR",32,30,2789,4,0,3,4,0,1439,698,71,20,0,36,24,24,0,0,1,0,3,19
"Begovic, AsmirBegovic, A.CHE",17,15,1397,0,0,0,0,0,509,64,16,0,0,0,4,0,0,0,0,0,0,0
"Behrami, ValonBehrami, V.WAT",21,14,1280,3,1,0,4,0,757,401,34,17,0,69,18,32,0,0,0,1,0,1
"Bellerín, HéctorBellerín, H.ARS",36,36,3240,3,0,1,121,0,2543,1450,47,24,0,79,8,19,0,0,1,5,3,13
"Benalouane, YohanBenalouane, Y.LEI",4,0,65,1,0,0,1,0,41,5,8,2,0,2,0,3,0,0,0,0,0,0
"Bennett, RyanBennett, R.NOR",22,20,1838,7,0,1,2,0,904,435,18,20,0,33,5,15,0,0,0,0,2,8
"Bentaleb, NabilBentaleb, N.TOT",5,2,168,1,0,0,1,0,130,79,13,2,0,1,0,3,0,0,0,0,2,3
"Benteke, ChristianBenteke, C.LIV",29,14,1518,2,0,17,7,1,845,327,5,2,0,17,26,29,1,1,9,3,19,61
"Berahino, SaidoBerahino, S.WBA",31,17,1741,0,0,11,19,10,699,316,9,9,0,15,24,17,0,2,4,0,10,34
"Berghuis, StevenBerghuis, S.WAT",9,0,222,2,0,0,20,4,156,69,3,1,0,10,2,7,0,0,0,2,4,8
"Bertrand, RyanBertrand, R.SOU",32,32,2880,6,0,0,105,50,1941,942,40,18,0,64,27,30,1,1,1,3,2,10
"Besic, MuhamedBesic, M.EVE",12,7,557,1,0,0,7,0,459,290,7,8,0,25,2,4,0,0,0,0,2,4
"Blind, DaleyBlind, D.MUN",35,35,3117,2,0,0,48,107,2726,1760,86,32,0,109,15,27,0,0,1,1,2,4
"Boateng, HiramBoateng, H.CRY",1,0,18,0,0,0,0,0,12,3,0,0,0,2,0,2,0,0,0,0,0,1
"Bogdan, AdamBogdan, A.LIV",2,2,180,0,0,0,0,0,61,6,3,0,0,0,0,0,0,0,0,0,0,0
"Bolasie, YannickBolasie, Y.CRY",26,23,2076,2,0,17,127,0,1132,387,5,11,0,43,33,25,0,0,5,3,25,57
"Bony, WilfriedBony, W.MCI",26,13,1223,1,0,7,7,0,667,311,7,1,0,19,20,17,0,1,4,3,17,59
"Borini, FabioBorini, F.SUN",26,22,1899,6,0,2,36,6,1053,388,20,11,0,49,51,31,1,1,5,2,18,48
"Borthwick-Jackson, CameronBorthwick-Jackson, C.MUN",10,6,692,0,0,0,27,0,563,294,3,7,0,22,2,10,0,0,0,1,1,1
"Boruc, ArturBoruc, A.BOU",32,32,2880,2,0,0,0,0,986,187,15,0,0,1,1,1,0,0,0,0,0,0
"Brady, RobbieBrady, R.NOR",36,34,2987,3,0,4,161,88,2244,883,66,22,0,130,18,41,0,0,3,2,19,52
"Brannagan, CameronBrannagan, C.LIV",3,1,112,0,0,0,3,4,145,113,2,2,0,10,0,0,0,0,0,0,1,1
"Britos, Miguel ÁngelBritos, M.WAT",24,24,2076,7,0,0,4,0,1140,524,36,26,0,42,18,19,0,0,0,0,0,6
"Britton, LeonBritton, L.SWA",25,19,1526,4,0,0,6,0,1206,844,25,9,0,66,18,14,0,0,0,0,0,5
"Brown, WesBrown, W.SUN",6,6,540,1,0,0,2,0,262,146,0,2,0,5,7,5,0,0,0,0,0,0
"Browning, TyiasBrowning, T.EVE",5,3,299,1,0,0,5,0,155,78,5,2,0,14,2,4,0,0,0,0,0,3
"Brunt, ChrisBrunt, C.WBA",22,20,1803,7,0,2,59,49,1149,477,43,25,0,40,9,19,0,0,0,3,5,19
"Bunn, MarkBunn, M.AVL",10,10,900,2,0,0,0,0,306,16,3,0,0,1,0,1,0,0,0,0,0,0
"Butland, JackButland, J.STK",31,31,2790,0,0,0,0,0,1203,164,27,1,0,1,1,1,0,0,0,0,0,0
"Byram, SamByram, S.WHU",4,2,286,3,0,2,10,0,186,69,6,2,0,9,4,7,0,0,0,0,0,0
"Caballero, WillyCaballero, W.MCI",4,3,310,0,0,0,0,0,109,26,2,0,0,0,0,0,0,0,0,0,0,0
"Cabaye, YohanCabaye, Y.CRY",33,32,2703,7,0,0,85,93,1939,1072,86,20,0,142,40,39,3,4,5,1,20,66
"Cahill, GaryCahill, G.CHE",23,21,1955,2,0,1,1,0,1124,653,67,30,0,46,21,17,0,0,2,1,4,13
"Cameron, GeoffCameron, G.STK",30,27,2361,0,1,0,16,0,1640,868,85,31,0,64,8,26,0,0,0,0,2,15
"Campbell, FraizerCampbell, F.CRY",11,4,360,1,0,6,3,0,154,53,2,3,0,7,2,8,0,0,0,0,1,4
"Campbell, JoelCampbell, J.ARS",19,11,887,0,0,3,22,1,538,269,7,7,0,39,25,9,0,0,3,2,7,19
"Can, EmreCan, E.LIV",30,28,2492,9,0,5,30,0,2312,1443,51,17,0,123,32,36,0,0,1,0,13,31
"Canós, SergiCanós, S.LIV",1,0,9,0,0,0,0,0,5,3,0,0,0,1,0,1,0,0,0,0,0,0
"Capoue, ÉtienneCapoue, É.WAT",33,33,2822,7,0,2,35,3,2192,1220,85,19,0,116,56,54,0,0,0,1,8,35
"Carrick, MichaelCarrick, M.MUN",28,22,1975,4,0,0,28,0,1778,1335,29,8,0,56,13,11,0,0,0,0,1,7
"Carroll, AndyCarroll, A.WHU",27,13,1434,2,0,7,11,0,774,241,9,6,0,23,24,37,1,1,9,2,23,56
"Carroll, ThomasCarroll, T.TOT",19,4,506,3,0,0,11,2,456,277,7,10,0,23,3,8,0,0,1,0,3,5
"Cathcart, CraigCathcart, C.WAT",35,34,3033,3,0,0,7,0,1519,743,54,34,0,53,12,10,0,0,1,0,2,5
"Cattermole, LeeCattermole, L.SUN",31,27,2216,8,0,0,23,0,1296,719,41,18,0,91,16,40,0,0,0,0,1,11
"Caulker, StevenCaulker, S.",6,1,149,0,0,0,0,0,115,45,3,3,0,1,1,0,0,0,0,0,2,3
"Cazorla, SantiCazorla, S.ARS",15,15,1292,2,1,2,53,43,1489,1110,38,7,0,36,14,13,0,1,0,3,8,23
"Cech, PetrCech, P.ARS",34,34,3060,0,0,0,0,0,1195,196,23,0,0,1,5,0,0,0,0,0,0,0
"Celina, BersantCelina, B.MCI",1,0,13,0,0,0,2,2,18,14,0,0,0,2,0,0,0,0,0,1,0,0
"Chadli, NacerChadli, N.TOT",29,10,938,1,0,5,15,0,601,320,14,7,0,19,7,16,0,0,3,2,7,25
"Chamakh, MarouaneChamakh, M.CRY",10,1,250,1,0,4,1,0,132,66,0,0,0,7,7,6,0,0,0,0,1,2
"Chambers, CalumChambers, C.ARS",12,2,315,2,0,0,1,0,254,156,1,7,0,11,3,6,0,0,0,0,1,2
"Chester, JamesChester, J.WBA",13,9,962,5,0,0,11,0,584,219,14,16,0,38,5,12,0,0,0,0,0,0
"Chirivella, PedroChirivella, P.LIV",1,1,45,0,0,0,1,0,34,22,0,0,0,1,0,0,0,0,0,0,0,0
"Cissé, PapissCissé, P.NEW",21,14,1070,1,0,19,10,0,614,289,18,0,0,6,8,14,0,0,3,0,9,22
"Cissokho, AlyCissokho, A.AVL",18,18,1603,3,1,0,75,0,1134,511,7,22,0,38,4,13,0,0,0,0,3,4
"Clark, CiaranClark, C.AVL",18,16,1442,6,0,0,1,0,910,432,61,22,0,36,11,15,0,0,1,0,2,9
"Clarke-Salter, JakeClarke-Salter, J.CHE",1,0,16,0,0,0,0,0,9,6,0,0,0,1,0,0,0,0,0,0,0,0
"Clasie, JordyClasie, J.SOU",22,20,1551,5,0,0,17,10,1048,643,35,10,0,68,8,18,0,0,0,0,1,15
"Cleverley, TomCleverley, T.EVE",22,17,1613,1,0,1,43,26,1170,712,35,5,0,57,19,11,0,0,2,4,7,25
"Clichy, GaelClichy, G.MCI",14,12,1088,0,0,0,36,0,1024,575,25,7,0,49,6,10,0,0,0,1,0,2
"Clyne, NathanielClyne, N.LIV",33,33,2970,6,0,1,85,0,2353,1219,53,19,0,84,26,19,0,0,1,0,6,29
"Coates, SebastiánCoates, S.SUN",16,14,1229,4,0,0,3,0,682,291,47,12,0,65,3,17,0,0,0,1,0,5
"Colback, JackColback, J.NEW",29,28,2396,11,0,0,38,36,1580,907,64,23,0,110,45,50,0,0,1,1,4,15
"Coleman, SeamusColeman, S.EVE",28,27,2386,4,0,8,94,0,1811,911,47,21,0,69,28,20,0,0,1,3,6,27
"Collins, JamesCollins, J.WHU",19,16,1440,3,1,1,3,0,861,424,20,23,0,32,7,12,0,0,0,0,3,13
"Coloccini, FabricioColoccini, F.NEW",26,26,2293,2,1,0,6,0,1218,709,60,47,0,56,8,9,0,0,1,0,3,10
"Connolly, CallumConnolly, C.EVE",1,0,36,0,0,0,2,0,25,8,2,0,0,1,0,0,0,0,0,0,0,0
"Cook, SteveCook, S.BOU",36,36,3195,5,0,1,4,1,2255,1298,88,39,0,48,10,16,0,0,4,0,8,25
"Coquelin, FrancisCoquelin, F.ARS",26,21,1646,5,1,0,17,0,1426,969,56,14,0,100,24,24,0,0,0,0,0,8
"Cork, JackCork, J.SWA",35,28,2544,3,0,2,35,0,2259,1433,63,24,0,125,45,28,0,0,1,2,6,19
"Costa, DiegoCosta, D.CHE",28,27,2379,8,0,33,27,1,1378,623,13,5,0,41,51,43,0,0,12,6,28,67
"Courtois, ThibautCourtois, T.CHE",23,23,2020,1,2,0,0,0,776,96,9,0,0,3,1,2,0,0,0,0,0,0
"Coutinho, PhilippeCoutinho, P.LIV",26,24,2003,2,1,5,67,42,1586,850,25,10,0,40,28,10,0,0,8,5,30,111
"Crespo, JoséCrespo, J.AVL",1,1,90,0,0,0,0,0,32,24,1,0,0,1,1,1,0,0,0,0,0,0
"Cresswell, AaronCresswell, A.WHU",37,37,3315,1,0,1,125,1,2280,1110,60,32,0,68,31,22,0,0,2,4,6,27
"Crouch, PeterCrouch, P.STK",11,4,457,0,0,9,1,0,268,87,1,1,0,8,4,12,0,0,0,1,3,6
"Cuadrado, JuanCuadrado, J.CHE",1,0,26,0,0,0,1,0,20,8,2,0,0,0,2,0,0,0,0,0,1,1
"Cullen, JoshCullen, J.WHU",1,0,1,0,0,0,0,0,1,0,0,0,0,0,0,0,0,0,0,0,0,0
"Daniels, CharlieDaniels, C.BOU",37,37,3285,2,0,2,112,12,2632,1384,70,27,0,60,19,10,2,2,3,5,6,20
"Dann, ScottDann, S.CRY",35,35,3150,7,0,5,8,0,1677,827,54,45,0,46,13,20,0,0,5,1,11,30
"Darlow, KarlDarlow, K.NEW",9,9,810,0,0,0,0,0,298,18,3,0,0,1,1,0,0,0,0,0,0,0
"Darmian, MatteoDarmian, M.MUN",28,24,1930,8,0,4,61,0,1471,745,43,19,0,90,22,26,0,0,1,0,1,6
"Davies, BenDavies, B.TOT",17,14,1288,3,0,0,44,0,1070,498,38,17,0,30,8,16,0,0,0,2,2,10
"Davies, TomDavies, T.EVE",2,1,97,0,0,0,1,0,76,38,4,3,0,5,2,2,0,0,0,0,0,1
"Davis, KelvinDavis, K.SOU",1,1,90,0,0,0,0,0,27,5,0,0,0,0,0,0,0,0,0,0,0,0
"Davis, StevenDavis, S.SOU",34,31,2611,4,0,5,88,62,2048,1274,60,20,0,68,18,18,0,0,5,3,9,21
"Dawson, CraigDawson, C.WBA",38,38,3385,3,0,2,116,0,2299,757,66,55,0,77,29,26,0,0,4,0,8,37
"De Bruyne, KevinDe Bruyne, K.MCI",25,22,2003,2,0,8,131,89,1645,918,19,2,0,36,18,16,0,0,7,9,25,48
"De Gea, DavidDe Gea, D.MUN",34,34,3060,0,0,0,0,0,1048,209,9,0,0,0,1,0,0,0,0,0,0,0
"De Jong, SiemDe Jong, S.NEW",18,3,446,0,0,0,5,3,288,145,8,4,0,18,7,7,0,0,0,1,3,8
"De Laet, RitchieDe Laet, R.LEI",12,7,655,1,0,0,16,0,475,151,33,15,0,28,3,6,0,0,1,0,1,2
"Debuchy, MathieuDebuchy, M.ARS",2,2,144,0,0,0,5,0,136,54,12,2,0,10,1,3,0,0,0,0,0,1
"Deeney, TroyDeeney, T.WAT",38,36,3291,6,0,18,43,2,2120,750,25,11,0,60,37,50,6,7,13,7,31,94
"Defoe, JermainDefoe, J.SUN",33,28,2550,3,0,43,20,0,780,310,5,3,0,25,34,17,1,1,15,1,39,85
"Delaney, DamienDelaney, D.CRY",32,32,2880,2,0,0,12,0,1576,775,29,50,0,53,15,18,0,0,2,3,6,21
"Delph, FabianDelph, F.MCI",17,8,753,0,0,0,12,0,641,406,8,4,0,35,9,7,0,0,2,0,5,13
"Dembélé, MousaDembélé, M.TOT",29,27,2273,3,0,2,10,0,1836,1205,51,20,0,115,32,48,0,0,3,1,9,22
"Demichelis, MartínDemichelis, M.MCI",20,10,1015,3,0,0,1,1,762,491,18,6,0,44,9,12,0,0,0,0,0,6
"Deulofeu, GerardDeulofeu, G.EVE",26,16,1384,2,0,2,126,31,908,403,20,1,0,19,14,3,0,0,2,8,6,10
"Diamanti, AlessandroDiamanti, A.WAT",3,0,65,0,0,0,4,2,68,32,1,0,0,1,3,1,0,0,0,0,0,1
"Dier, EricDier, E.TOT",37,37,3266,10,0,0,42,0,2608,1680,80,33,0,129,24,52,0,0,3,2,7,31
"Diouf, MameDiouf, M.STK",26,12,1269,3,0,8,10,0,518,180,16,5,0,19,26,22,0,0,5,1,17,30
"Distin, SylvainDistin, S.BOU",12,9,842,0,0,1,0,0,615,364,40,6,0,20,1,3,0,0,0,0,0,1
"Dodoo, JoeDodoo, J.LEI",1,0,19,0,0,0,0,0,13,3,0,0,0,0,1,2,0,0,0,0,0,0
"Dorrans, GrahamDorrans, G.NOR",21,14,1287,2,0,1,13,3,938,618,32,10,0,31,3,15,0,0,0,1,3,14
"Doumbia, SeydouDoumbia, S.NEW",3,0,29,0,0,0,0,0,21,7,0,0,0,0,1,0,0,0,0,0,1,1
"Dowell, KieranDowell, K.EVE",2,1,72,0,0,0,2,0,52,28,0,2,0,1,0,1,0,0,0,0,0,0
"Drinkwater, DanielDrinkwater, D.LEI",35,35,3038,3,1,0,72,6,2571,1529,80,15,0,116,25,52,0,0,2,7,9,42
"Dummett, PaulDummett, P.NEW",23,23,1896,3,0,0,35,1,1185,470,19,45,0,60,9,13,0,0,1,0,1,5
"Dyer, NathanDyer, N.",13,0,231,1,0,0,7,0,154,63,1,1,0,8,10,9,0,0,1,1,2,5
"ÉderÉderSWA",13,2,269,0,0,1,2,0,147,58,2,0,0,2,9,9,0,0,0,0,1,5
"Elliot, RobElliot, R.NEW",21,21,1890,1,0,0,0,0,837,68,7,0,0,0,3,0,0,0,0,0,0,0
"Elneny, MohamedElneny, M.ARS",11,9,794,3,0,0,7,6,845,669,6,9,0,17,11,9,0,0,0,1,2,13
"Elphick, TommyElphick, T.BOU",12,11,1012,1,0,0,0,0,638,370,50,8,0,14,7,9,0,0,1,0,2,4
"Emenike, EmmanuelEmenike, E.WHU",13,5,509,0,0,7,8,0,265,105,2,1,0,3,8,5,0,0,0,0,2,10
"Emnes, MarvinEmnes, M.SWA",2,1,66,0,0,0,1,0,31,10,0,1,0,3,0,0,0,0,0,0,0,1
"Eriksen, ChristianEriksen, C.TOT",35,33,2938,2,0,0,146,129,2598,1516,43,11,0,50,17,13,0,0,6,13,41,99
"Evans, JonnyEvans, J.WBA",30,30,2593,4,0,0,27,0,1574,746,56,40,0,101,21,23,0,0,1,1,1,7
"Fabianski, LukaszFabianski, L.SWA",37,37,3330,1,0,0,1,0,1399,281,31,0,0,0,9,1,0,0,0,1,0,1
"Fàbregas, CescFàbregas, C.CHE",37,33,2896,5,0,4,142,68,3378,2352,56,20,0,147,41,38,2,2,5,7,19,45
"Falcao, RadamelFalcao, R.CHE",10,1,228,1,0,2,0,0,129,55,1,0,0,6,5,7,0,0,1,0,5,11
"Federici, AdamFederici, A.BOU",6,6,495,0,0,0,0,0,158,43,0,0,0,0,0,0,0,0,0,0,0,0
"Fellaini, MarouaneFellaini, M.MUN",18,12,1068,2,0,4,4,0,849,484,8,8,0,41,13,32,0,0,1,0,8,23
"Fer, LeroyFer, L.SWA",11,9,757,2,0,0,2,0,584,366,5,3,0,38,14,14,0,0,0,2,1,5
"Fernández, FedeFernández, F.SWA",32,32,2880,3,0,2,3,0,2246,1466,64,31,0,93,22,31,0,0,1,1,3,18
"FernandinhoFernandinhoMCI",33,31,2732,8,0,0,22,0,2391,1611,78,12,0,146,33,55,0,0,2,2,4,29
"FernandoFernandoMCI",24,17,1713,4,0,1,2,0,1194,823,19,12,0,92,10,26,0,0,2,0,5,15
"Field, SamField, S.WBA",1,0,4,0,0,0,0,0,4,1,0,0,0,1,1,0,0,0,0,0,0,0
"Firmino, RobertoFirmino, R.LIV",31,24,1981,1,0,14,50,10,1464,740,19,13,0,71,20,29,0,0,10,7,25,62
"Flamini, MathieuFlamini, M.ARS",16,12,1089,3,0,0,4,0,794,529,10,11,0,57,3,18,0,0,0,0,2,7
"Flanagan, JonFlanagan, J.LIV",5,5,421,1,0,0,7,0,358,206,4,4,0,21,1,7,0,0,0,1,0,0
"Fletcher, DarrenFletcher, D.WBA",38,38,3374,3,0,0,50,2,1948,1093,59,18,0,56,29,19,0,0,1,3,3,22
"Fletcher, StevenFletcher, S.SUN",16,11,1016,0,0,8,13,0,563,170,6,7,0,18,18,18,0,0,4,0,11,25
"Fonte, JoséFonte, J.SOU",37,37,3168,4,1,1,8,0,2179,1344,54,33,0,73,11,21,0,0,2,1,7,20
"Forster, FraserForster, F.SOU",18,18,1620,0,0,0,0,0,525,54,3,0,0,0,0,0,0,0,0,0,0,0
"Foster, BenFoster, B.WBA",15,15,1350,1,0,0,0,0,473,23,6,0,0,0,0,0,0,0,0,0,0,0
"Fosu-Mensah, TimothyFosu-Mensah, T.MUN",8,2,254,1,0,0,3,0,205,100,7,1,0,19,2,2,0,0,0,1,0,2
"Francis, SimonFrancis, S.BOU",38,38,3387,5,1,3,94,12,3042,1649,105,33,0,92,9,35,0,0,0,4,1,7
"Fuchs, ChristianFuchs, C.LEI",32,30,2710,4,0,0,117,64,2161,878,47,58,0,130,12,33,0,0,0,4,8,19
"Fulton, JayFulton, J.SWA",2,0,20,0,0,0,0,0,19,9,0,2,0,5,0,1,0,0,0,0,0,0
"Funes Mori, RamiroFunes Mori, R.EVE",28,24,2191,4,1,2,6,0,1777,1063,45,22,0,62,11,8,0,0,4,1,8,24
"GabrielGabrielARS",21,18,1761,4,1,0,0,0,1395,955,35,23,0,56,10,9,0,0,1,0,4,11
"Galloway, BrendanGalloway, B.EVE",15,14,1223,2,0,0,15,0,750,335,32,17,0,57,29,9,0,0,0,1,0,8
"Gamboa, CristianGamboa, C.WBA",1,0,27,1,0,1,1,0,25,9,4,0,0,0,1,1,0,0,0,0,0,1
"García, ManuGarcía, M.MCI",1,0,10,0,0,0,0,0,20,18,0,0,0,0,0,0,0,0,0,0,0,0
"Gardner, CraigGardner, C.WBA",34,20,2033,5,0,8,87,50,1102,433,26,17,0,50,27,42,0,1,3,3,10,46
"Gayle, DwightGayle, D.CRY",16,8,768,1,1,2,9,0,308,95,0,1,0,16,35,20,0,0,3,0,8,22
"Gazzaniga, PauloGazzaniga, P.SOU",2,2,180,0,0,0,0,0,72,10,1,0,0,1,0,0,0,0,0,0,0,0
"Gestede, RudyGestede, R.AVL",32,14,1657,2,0,6,2,0,992,302,6,2,0,13,12,24,0,0,5,2,18,59
"Gibbs, KieranGibbs, K.ARS",15,3,381,0,0,2,8,1,305,147,3,6,0,12,6,3,0,0,1,0,1,5
"Gibson, DarronGibson, D.EVE",7,2,239,3,0,0,1,0,225,153,9,6,0,5,0,4,0,0,0,1,1,2
"Gil, CarlesGil, C.AVL",23,17,1440,3,0,2,43,31,1038,645,10,9,0,23,27,3,0,0,2,0,5,17
"Giroud, OlivierGiroud, O.ARS",38,26,2424,2,0,26,28,0,1320,552,7,7,0,49,33,40,1,1,16,6,42,103
"Given, ShayGiven, S.STK",3,3,225,1,0,0,0,0,70,3,0,0,0,0,1,0,0,0,0,0,0,0
"Gnabry, SergeGnabry, S.WBA",1,0,12,0,0,0,0,2,13,7,0,0,0,1,0,2,0,0,0,0,1,2
"Gomes, HeurelhoGomes, H.WAT",38,38,3397,4,0,0,0,0,1405,93,23,1,0,0,6,2,0,0,0,0,0,0
"Gomez, JoeGomez, J.LIV",5,5,438,3,0,0,5,0,369,185,39,4,0,15,1,9,0,0,0,1,0,1
"Gómez, JordiGómez, J.SUN",6,5,355,0,0,0,4,4,211,133,4,5,0,13,5,4,0,0,0,0,1,2
"Gomis, BafetimbiGomis, B.SWA",33,18,1694,0,0,38,9,0,798,383,7,2,0,21,19,17,1,1,6,0,17,58
"Gosling, DanGosling, D.BOU",34,28,2441,6,0,1,15,1,1685,1001,55,19,0,64,42,31,0,0,3,1,11,40
"Gouffran, YoanGouffran, Y.NEW",8,2,224,0,0,0,7,1,159,73,8,4,0,8,1,3,0,0,0,0,1,2
"Grabban, LewisGrabban, L.",21,7,820,2,0,6,13,2,446,236,4,2,0,15,4,10,0,0,1,0,9,19
"Gradel, Max-AlainGradel, M.BOU",14,11,899,1,0,3,39,13,553,216,13,7,0,22,26,11,0,0,1,2,6,18
"Graham, DannyGraham, D.SUN",10,4,358,0,0,1,2,0,136,47,3,0,0,4,6,8,0,0,0,0,2,4
"Gray, DemaraiGray, D.LEI",12,1,177,0,0,0,6,7,158,68,1,3,0,14,4,3,0,0,0,1,3,5
"Grealish, JackGrealish, J.AVL",16,9,832,1,0,0,11,4,470,252,9,2,0,9,17,6,0,0,1,0,4,15
"Green, AndréGreen, A.AVL",2,0,57,0,0,0,6,1,48,20,1,0,0,2,0,0,0,0,0,0,0,1
"Greenwood, ReesGreenwood, R.SUN",1,1,52,0,0,0,2,1,35,22,1,0,0,3,0,1,0,0,0,0,0,0
"Grimes, MattGrimes, M.SWA",1,1,90,0,0,0,1,0,55,30,0,1,0,1,1,3,0,0,0,0,0,1
"Guedioura, AdlèneGuedioura, A.WAT",18,3,421,2,0,0,26,16,419,183,10,2,0,21,7,13,0,0,0,2,3,13
"Gueye, IdrissaGueye, I.AVL",35,35,3075,10,0,0,22,1,2576,1558,96,17,0,186,51,69,0,0,0,1,4,31
"Guzan, BradGuzan, B.AVL",28,28,2520,2,0,0,1,0,1010,101,28,0,0,1,2,0,0,0,0,0,0,0
"Haidara, MassadioHaidara, M.NEW",7,6,555,1,0,0,14,0,429,194,41,5,0,19,10,9,0,0,0,0,0,3
"Hangeland, BredeHangeland, B.CRY",7,7,630,2,0,2,3,0,365,213,8,6,0,15,3,13,0,0,0,0,3,5
"Hart, JoeHart, J.MCI",35,35,3110,0,0,0,0,0,1019,161,18,0,0,1,3,0,0,0,0,0,0,0
"Haugaard, JakobHaugaard, J.STK",5,4,405,0,0,0,0,0,176,13,0,0,0,0,0,0,0,0,0,0,0,0
"Hazard, EdenHazard, E.CHE",31,25,2190,2,0,10,79,6,1901,1218,30,5,0,25,69,15,0,0,4,3,15,36
"Henderson, JordanHenderson, J.LIV",17,15,1293,1,0,3,54,12,1221,751,28,8,0,57,8,10,0,0,2,3,6,26
"Hennessey, WayneHennessey, W.CRY",29,29,2610,1,0,0,0,0,1018,100,4,0,0,2,1,0,0,0,0,0,0,0
"Hepburn-Murphy, RushianHepburn-Murphy, R.AVL",1,0,1,0,0,0,0,0,4,0,0,0,0,0,1,0,0,0,0,0,0,0
"Hernández, ChicharitoHernández, C.MUN",1,0,23,0,0,0,0,0,17,10,1,0,0,0,1,0,0,0,0,0,1,1
"Herrera, AnderHerrera, A.MUN",27,17,1532,4,0,1,43,8,1422,908,30,5,0,71,21,28,1,1,3,2,6,24
"Hibbert, TonyHibbert, T.EVE",1,0,45,0,0,0,0,0,28,11,5,1,0,1,0,0,0,0,0,0,1,1
"Holebas, JoséHolebas, J.WAT",11,11,945,2,0,0,24,1,746,326,23,11,0,18,5,8,0,0,0,0,2,13
"Honeyman, GeorgeHoneyman, G.SUN",1,0,38,0,0,0,0,0,8,5,0,0,0,0,1,0,0,0,0,0,0,0
"Hoolahan, WesHoolahan, W.NOR",30,25,2005,1,0,5,73,9,1534,900,30,7,0,57,40,19,1,1,4,8,8,27
"Hooper, GaryHooper, G.NOR",2,0,11,0,0,0,0,0,8,5,0,0,0,0,1,0,0,0,0,0,0,1
"Howard, TimHoward, T.EVE",25,25,2250,1,0,0,0,0,917,156,25,1,0,3,2,2,0,0,0,0,0,0
"Howson, JonathanHowson, J.NOR",36,33,2953,7,0,3,35,4,1865,967,38,24,0,114,19,27,0,0,3,4,9,35
"Huth, RobertHuth, R.LEI",35,35,3150,8,0,4,0,0,1396,601,57,40,0,57,17,34,0,0,3,0,6,29
"Hutton, AlanHutton, A.AVL",28,26,2330,6,1,3,128,0,1585,660,42,26,0,73,36,27,0,0,0,1,1,9
"Ibarbo, VíctorIbarbo, V.WAT",4,0,64,0,0,0,2,0,44,15,2,0,0,1,1,2,0,0,0,0,0,0
"Ibe, JordonIbe, J.LIV",27,12,1172,0,0,1,49,24,787,413,8,1,0,15,14,10,0,0,1,2,6,29
"Ighalo, OdionIghalo, O.WAT",37,36,3151,4,0,26,17,1,1313,518,19,10,0,36,56,47,0,0,15,3,48,109
"Iheanacho, KelechiIheanacho, K.MCI",26,7,751,1,0,3,19,1,555,262,5,1,0,23,5,17,0,0,8,1,12,28
"Imbula, GiannelliImbula, G.STK",14,14,1260,4,0,0,19,0,1014,664,17,5,0,29,20,17,0,0,2,0,5,21
"Ings, DannyIngs, D.LIV",6,3,340,1,0,2,5,1,145,57,3,3,0,3,5,7,0,0,2,0,5,10
"Inler, GokhanInler, G.LEI",5,3,194,0,0,0,1,0,162,97,3,2,0,8,4,3,0,0,0,0,0,2
"Ireland, StephenIreland, S.STK",13,0,231,2,0,0,6,4,211,130,7,3,0,11,0,4,0,0,0,1,0,3
"Iturbe, JuanIturbe, J.BOU",2,0,55,0,0,0,2,0,38,15,0,0,0,1,1,0,0,0,0,0,1,1
"Ivanovic, BranislavIvanovic, B.CHE",33,33,2918,5,0,1,70,0,2025,1084,74,37,0,78,22,32,0,0,2,2,5,28
"Iwobi, AlexIwobi, A.ARS",13,8,632,0,0,0,18,0,491,313,3,2,0,12,5,3,0,0,2,2,6,15
"Jagielka, PhilJagielka, P.EVE",21,21,1851,0,0,0,2,0,1420,850,69,31,0,44,15,9,0,0,0,0,1,9
"Janmaat, DarylJanmaat, D.NEW",32,32,2755,5,1,5,150,3,2175,956,73,20,0,105,9,28,0,0,2,4,8,19
"Januzaj, AdnanJanuzaj, A.MUN",5,2,144,1,0,0,5,1,78,38,2,0,0,1,3,5,0,0,1,0,1,4
"Jarvis, MattJarvis, M.",22,13,1093,0,0,2,56,13,499,238,7,9,0,12,7,5,0,0,1,1,4,10
"Jedinak, MileJedinak, M.CRY",27,16,1530,6,0,2,15,0,1226,594,35,20,0,75,16,34,0,0,0,0,1,12
"Jelavic, NikicaJelavic, N.WHU",13,1,339,1,0,6,5,0,151,50,2,0,0,8,4,7,0,0,1,2,1,11
"Jenkinson, CarlJenkinson, C.WHU",20,13,1225,3,1,0,34,0,894,391,36,12,0,39,4,13,0,0,2,0,3,7
"Jerome, CameronJerome, C.NOR",34,19,1774,2,0,21,16,0,761,245,13,4,0,29,10,36,0,0,3,2,11,47
"Johnson, AdamJohnson, A.SUN",19,11,1142,3,0,1,51,14,714,411,11,3,0,11,12,7,1,1,2,5,3,16
"Johnson, BradleyJohnson, B.NOR",4,1,151,0,0,1,3,0,127,52,4,1,0,8,4,4,0,0,0,0,2,9
"Johnson, GlenJohnson, G.STK",25,25,2186,1,0,4,75,0,1483,745,58,28,0,37,11,11,0,0,0,3,5,17
"Jones, BillyJones, B.SUN",24,23,2033,8,0,3,40,0,1212,413,38,38,0,100,14,32,0,0,1,1,4,14
"Jones, PhilJones, P.MUN",10,6,528,0,0,0,2,0,397,267,12,4,0,11,2,4,0,0,0,0,0,1
"JoseluJoseluSTK",22,10,1090,0,0,8,17,1,581,252,5,2,0,22,18,19,0,0,4,1,16,28
"JuanmiJuanmiSOU",12,0,161,0,0,1,4,0,81,38,0,0,0,3,5,2,0,0,0,0,1,5
"Jurado, José ManuelJurado, J.WAT",27,27,2025,3,0,1,49,26,1326,794,13,12,0,30,37,12,0,0,0,0,10,36
"Kaboul, YounesKaboul, Y.SUN",23,22,2009,3,1,0,16,0,1171,470,52,31,0,59,9,15,0,0,0,1,4,12
"Kaikai, SullayKaikai, S.CRY",1,0,45,0,0,0,3,3,27,14,0,0,0,3,0,1,0,0,0,0,1,3
"Kane, HarryKane, H.TOT",38,38,3368,5,0,30,57,7,1771,658,21,12,0,55,56,42,5,5,25,1,74,159
"Kanté, N'GoloKanté, N.LEI",37,33,3019,3,0,0,26,1,2217,1205,84,26,0,218,17,44,0,0,1,4,5,21
"Keane, WillKeane, W.MUN",1,0,4,0,0,0,0,0,2,0,0,0,0,0,0,0,0,0,0,0,0,0
"Kelly, MartinKelly, M.CRY",13,11,1043,3,0,0,15,0,701,291,10,12,0,42,3,11,0,0,0,0,0,1
"KenedyKenedyCHE",14,4,550,0,0,2,13,2,463,249,9,2,0,22,8,6,0,0,1,0,3,14
"Kenny, JonjoeKenny, J.EVE",1,0,61,0,0,0,0,0,45,16,0,6,0,3,0,0,0,0,0,0,0,1
"Kermorgant, YannKermorgant, Y.BOU",7,0,125,0,0,1,1,0,84,39,2,0,0,3,3,0,0,0,0,0,0,1
"Khazri, WahbiKhazri, W.SUN",14,13,1077,3,0,5,48,57,665,262,10,1,0,55,12,18,0,0,2,1,5,24
"Ki, Sung-YuengKi, S.SWA",28,21,1849,4,0,1,14,6,1395,1035,20,14,0,29,25,20,0,0,2,1,7,24
"King, AndyKing, A.LEI",25,9,1050,2,0,0,12,1,673,367,53,8,0,18,8,7,0,0,2,1,4,19
"King, JoshuaKing, J.BOU",31,24,1924,1,0,16,32,2,915,304,11,3,0,44,28,37,0,0,6,2,20,56
"Kingsley, StephenKingsley, S.SWA",4,4,356,0,0,0,16,4,207,92,2,7,0,8,3,2,0,0,0,1,0,1
"Kirchhoff, JanKirchhoff, J.SUN",15,14,1083,0,0,0,7,0,851,387,23,9,0,67,17,20,0,0,0,0,1,9
"Klose, TimmKlose, T.NOR",10,10,849,3,0,0,1,0,481,195,18,17,0,21,7,6,0,0,1,0,1,3
"Kolarov, AleksandarKolarov, A.MCI",29,25,2281,3,0,3,127,40,2117,1120,41,20,0,59,31,20,0,1,3,3,10,39
"Kompany, VincentKompany, V.MCI",14,13,1179,5,0,0,1,0,892,579,38,10,0,31,3,15,0,0,2,0,3,11
"Koné, ArounaKoné, A.EVE",25,16,1458,1,0,4,14,0,896,492,8,7,0,37,11,15,0,0,5,4,14,36
"Koné, LamineKoné, L.SUN",15,15,1315,0,0,1,3,0,689,260,16,14,0,31,4,6,0,0,2,1,3,10
"Koscielny, LaurentKoscielny, L.ARS",33,33,2846,3,0,1,6,0,2294,1457,102,29,0,79,27,31,0,0,4,0,8,19
"Kouyaté, CheikhouKouyaté, C.WHU",34,34,3009,5,1,2,24,0,1955,988,90,32,0,115,41,35,0,0,5,2,16,43
"Kozak, LiborKozak, L.AVL",4,3,258,0,0,5,0,0,146,45,1,1,0,5,3,5,0,0,0,0,2,6
"Kramaric, AndrejKramaric, A.LEI",2,0,22,0,0,0,0,0,14,6,0,0,0,0,0,1,0,0,0,0,1,1
"Krkic, BojanKrkic, B.STK",27,22,1709,2,0,2,31,16,1060,611,14,2,0,16,29,9,2,2,7,1,16,37
"Krul, TimKrul, T.NEW",8,8,720,0,0,0,0,0,311,59,22,0,0,0,1,0,0,0,0,0,0,0
"Lafferty, KyleLafferty, K.NOR",1,0,13,0,0,0,0,0,12,4,1,0,0,0,0,0,0,0,0,0,0,0
"Lallana, AdamLallana, A.LIV",30,23,2110,2,0,15,78,20,1486,795,27,7,0,79,29,27,0,0,4,6,15,43
"Lambert, RickieLambert, R.WBA",19,5,617,2,0,2,6,0,396,184,13,2,0,3,9,6,1,1,1,1,4,14
"Lamela, ErikLamela, E.TOT",34,28,2383,9,0,13,83,96,1680,813,29,16,0,128,35,67,0,0,5,9,21,59
"Lanzini, ManuelLanzini, M.WHU",26,23,1920,3,0,6,44,20,1429,926,40,9,0,28,30,9,0,0,6,2,11,48
"Larsson, SebastianLarsson, S.SUN",18,6,547,2,0,0,15,14,352,174,9,11,0,18,7,9,0,0,0,1,1,7
"Lascelles, JamaalLascelles, J.NEW",18,10,1148,1,1,0,2,0,670,377,19,19,0,23,3,11,0,0,2,0,4,4
"Layún, MiguelLayún, M.WAT",3,2,132,0,0,0,7,0,81,42,2,1,0,1,1,1,0,0,1,0,1,4
"Ledley, JoeLedley, J.CRY",19,11,980,1,0,0,5,3,622,357,23,16,0,20,4,13,0,0,1,0,2,7
"Lee, Chung-YoungLee, C.CRY",13,4,385,0,0,0,11,7,288,156,4,4,0,12,6,4,0,0,1,0,2,6
"Leko, JonathanLeko, J.WBA",5,3,271,0,0,1,5,0,130,40,2,1,0,13,4,7,0,0,0,1,0,0
"Lennon, AaronLennon, A.EVE",25,17,1539,1,0,1,40,1,740,400,9,14,0,42,21,13,0,0,5,0,11,18
"Lens, JeremainLens, J.SUN",20,14,1293,3,1,4,70,18,818,279,15,3,0,49,31,27,0,0,3,3,7,26
"Lescott, JoleonLescott, J.",32,32,2810,2,0,0,6,0,1529,826,65,33,0,51,9,15,0,0,1,0,3,11
"Lingard, JesseLingard, J.MUN",25,19,1635,4,0,5,26,3,1094,606,7,7,0,61,21,24,0,0,4,1,13,31
"Lloris, HugoLloris, H.TOT",37,37,3330,0,0,0,0,0,1377,387,18,0,0,0,5,0,0,0,0,0,0,0
"Loftus-Cheek, RubenLoftus-Cheek, R.CHE",13,4,407,0,0,1,3,0,371,204,8,1,0,29,14,4,0,0,1,0,3,12
"Long, ShaneLong, S.SOU",28,23,2111,2,0,24,48,0,1110,398,18,8,0,34,40,43,0,0,10,4,23,64
"Love, DonaldLove, D.MUN",1,0,53,0,0,0,2,0,43,19,0,0,0,5,0,1,0,0,0,0,0,0
"Lovren, DejanLovren, D.LIV",24,22,1897,2,0,0,6,0,1456,883,64,21,0,69,12,23,0,0,0,0,7,22
"Lucas LeivaLucas LeivaLIV",27,21,1954,8,0,0,14,0,1894,1242,61,24,0,121,19,49,0,0,0,1,2,9
"Lukaku, RomeluLukaku, R.EVE",37,36,3174,3,0,16,40,0,1686,769,5,2,0,19,25,29,1,2,18,6,48,119
"Lyden, JordanLyden, J.AVL",4,2,152,0,0,0,1,0,91,56,0,0,0,5,2,1,0,0,0,0,0,1
"M'Vila, YannM'Vila, Y.SUN",37,36,3188,1,0,0,69,36,2325,1371,49,24,0,134,43,17,0,0,1,4,5,29
"MacDonald, ShaunMacDonald, S.BOU",3,0,29,0,0,0,0,0,14,9,1,0,0,1,0,0,0,0,0,0,0,0
"Mahrez, RiyadMahrez, R.LEI",37,36,3052,1,0,4,119,34,1936,784,33,20,0,69,83,19,4,6,17,11,40,87
"Maiga, ModiboMaiga, M.WHU",3,0,25,0,0,3,2,0,27,5,1,1,0,0,0,1,0,0,1,0,2,2
"Mané, SadioMané, S.SOU",37,30,2604,4,2,27,83,1,1658,767,34,11,0,74,71,46,0,1,11,6,33,85
"Mangala, EliaquimMangala, E.MCI",23,23,2010,8,0,0,0,0,1318,879,55,14,0,56,6,35,0,0,0,0,1,7
"Mannone, VitoMannone, V.SUN",19,19,1710,2,0,0,0,0,761,71,4,0,0,0,4,0,0,0,0,0,0,0
"Mariappa, AdrianMariappa, A.CRY",3,3,256,0,0,0,2,0,177,94,10,2,0,11,3,3,0,0,0,0,0,0
"Martial, AnthonyMartial, A.MUN",31,29,2632,2,0,17,81,1,1629,702,3,7,0,38,56,40,0,0,11,4,25,57
"Martin, RussellMartin, R.NOR",30,30,2698,4,1,0,20,0,1738,836,46,42,0,57,6,32,0,0,3,0,5,19
"Martina, CucoMartina, C.SOU",15,11,1084,1,0,2,43,0,755,324,21,12,0,52,10,15,0,0,1,1,2,3
"Mason, RyanMason, R.TOT",22,8,798,3,0,0,11,4,704,451,21,4,0,33,11,9,0,0,1,0,9,20
"Mata, JuanMata, J.MUN",38,34,2898,4,1,9,112,51,2230,1586,29,10,0,48,28,22,1,1,6,5,22,57
"Matic, NemanjaMatic, N.CHE",33,28,2421,4,1,2,34,2,2122,1402,86,18,0,98,17,39,0,0,2,2,8,34
"Matthews, AdamMatthews, A.SUN",1,0,36,0,0,0,2,0,22,11,0,0,0,1,0,0,0,0,0,0,0,0
"Mbabu, KevinMbabu, K.NEW",3,2,144,0,0,1,4,0,94,21,3,2,0,23,2,3,0,0,0,0,1,1
"Mbemba, ChancelMbemba, C.NEW",33,33,2924,5,0,0,7,0,1792,915,94,37,0,78,12,21,0,0,0,0,2,13
"Mbokani, DieumerciMbokani, D.NOR",29,15,1588,0,0,30,15,0,946,324,5,0,0,13,45,17,0,0,7,1,17,37
"McArthur, JamesMcArthur, J.CRY",28,26,2192,5,0,1,11,0,1405,847,45,30,0,91,21,42,0,0,2,2,4,16
"McAuley, GarethMcAuley, G.WBA",34,34,3059,4,1,2,3,1,1422,603,43,45,0,66,16,31,0,0,1,0,3,6
"McCarthy, AlexMcCarthy, A.CRY",7,7,630,0,0,0,0,0,259,19,7,0,0,0,0,0,0,0,0,0,0,0
"McCarthy, JamesMcCarthy, J.EVE",29,29,2434,5,1,0,17,1,1816,1192,71,40,0,114,28,36,0,0,2,2,7,16
"McClean, JamesMcClean, J.WBA",35,28,2412,7,1,5,126,41,1349,469,26,18,0,81,38,35,0,0,2,2,9,31
"McManaman, CallumMcManaman, C.WBA",12,2,276,2,0,0,11,1,167,74,3,2,0,6,8,2,0,0,0,1,1,8
"McNair, PaddyMcNair, P.MUN",8,3,309,0,0,0,7,0,270,156,3,1,0,6,2,4,0,0,0,0,1,3
"MemphisMemphisMUN",29,16,1474,2,0,8,77,35,1112,538,14,6,0,15,35,20,0,0,2,0,17,57
"Mertesacker, PerMertesacker, P.ARS",24,24,2049,1,1,1,2,0,1488,1084,36,14,0,31,5,7,0,0,0,0,2,8
"Miazga, MattMiazga, M.CHE",2,2,135,1,0,1,2,0,114,72,1,2,0,0,2,1,0,0,0,0,0,0
"Mignolet, SimonMignolet, S.LIV",34,34,3060,2,0,0,0,0,1091,262,27,1,0,1,3,0,0,0,0,0,0,0
"Mikel, John ObiMikel, J.CHE",25,19,1783,6,0,0,8,0,1493,1079,30,15,0,75,11,33,0,0,0,1,0,7
"Milner, JamesMilner, J.LIV",28,28,2414,9,1,2,130,114,2095,1108,49,19,0,112,32,47,1,1,5,11,11,39
"Mings, TyroneMings, T.BOU",1,0,12,0,0,0,0,0,4,2,1,0,0,0,0,0,0,0,0,0,0,0
"Mirallas, KevinMirallas, K.EVE",23,10,1005,0,2,7,35,18,567,276,11,6,0,17,17,14,0,0,4,2,16,40
"Mitrovic, AleksandarMitrovic, A.NEW",34,22,2114,4,2,16,9,0,1235,491,9,8,0,38,51,50,2,2,9,4,29,79
"Monreal, NachoMonreal, N.ARS",37,36,3248,1,0,1,112,0,2775,1599,87,32,0,105,41,28,0,0,0,3,4,12
"Montero, JeffersonMontero, J.SWA",23,14,1357,0,0,4,100,2,769,298,15,6,0,25,37,11,0,0,0,2,6,20
"Moreno, AlbertoMoreno, A.LIV",32,28,2546,3,0,6,132,29,2159,1144,25,17,0,124,21,29,0,0,1,4,8,36
"Morgan, WesMorgan, W.LEI",38,38,3420,3,0,0,0,0,1411,644,59,42,0,82,15,28,0,0,2,0,6,21
"Morrison, JamesMorrison, J.WBA",18,17,1343,3,0,0,17,2,810,462,31,3,0,30,12,6,0,1,3,3,11,24
"Moses, VictorMoses, V.WHU",21,13,981,0,0,5,25,6,552,231,11,6,0,25,20,17,0,0,1,2,4,22
"Mulumbu, YoussoufMulumbu, Y.NOR",7,5,371,1,0,1,2,0,235,141,3,2,0,23,3,5,0,0,0,0,1,3
"Muniesa, MarcMuniesa, M.STK",15,12,1111,2,0,0,11,0,789,441,66,21,0,28,7,9,0,0,0,0,0,3
"Murray, GlennMurray, G.",21,8,795,2,0,12,7,0,392,130,2,5,0,11,17,26,0,1,3,0,14,24
"Mutch, JordonMutch, J.CRY",20,7,795,0,0,3,27,15,523,254,8,7,0,18,11,11,0,0,0,0,2,17
"Myhill, BoazMyhill, B.WBA",23,23,2070,2,0,0,0,0,795,40,8,0,0,0,4,0,0,0,0,0,0,0
"N'Doye, DameN'Doye, D.SUN",11,5,567,2,0,5,8,0,340,126,1,0,0,22,20,20,0,0,1,0,4,9
"N'Jie, ClintonN'Jie, C.TOT",8,0,184,0,0,2,4,0,120,43,2,1,0,5,1,4,0,0,0,1,2,6
"N'Zogbia, CharlesN'Zogbia, C.AVL",2,0,41,0,0,0,2,1,16,8,0,0,0,1,0,1,0,0,0,0,0,0
"Naismith, StevenNaismith, S.",23,15,1330,3,0,9,13,1,770,359,5,12,0,27,41,30,0,0,4,1,8,25
"Nasri, SamirNasri, S.MCI",12,4,535,3,0,1,21,7,516,390,8,3,0,14,5,4,0,0,2,2,7,14
"Naughton, KyleNaughton, K.SWA",27,19,1763,2,1,0,61,1,1671,892,51,20,0,46,21,24,0,0,0,3,2,8
"Navas, JesúsNavas, J.MCI",34,24,2279,1,0,4,162,54,1811,1085,26,4,0,48,24,18,0,0,0,7,8,30
"Niasse, OumarNiasse, O.EVE",5,2,142,0,0,0,3,0,77,34,2,0,0,4,3,2,0,0,0,0,1,2
"Noble, MarkNoble, M.WHU",37,37,3204,8,1,6,38,6,2439,1619,93,20,0,139,55,37,3,3,7,4,12,34
"Nolan, KevinNolan, K.WHU",2,1,56,0,0,0,0,0,24,13,3,0,0,1,0,0,0,0,0,0,0,0
"Nordfeldt, KristofferNordfeldt, K.SWA",1,1,90,0,0,0,0,0,30,7,0,0,0,0,0,0,0,0,0,0,0,0
"Nyom, AllanNyom, A.WAT",32,29,2474,8,0,0,87,0,1610,600,53,37,0,96,23,37,0,0,0,1,1,7
"O'Kane, EunanO'Kane, E.BOU",16,6,752,2,0,1,3,2,454,273,19,2,0,8,7,6,0,0,0,1,2,6
"O'Neil, GaryO'Neil, G.NOR",27,19,1749,7,1,0,23,27,1210,674,27,18,0,77,16,38,0,0,0,0,0,11
"O'Shea, JohnO'Shea, J.SUN",28,23,2008,2,0,0,5,0,935,438,27,17,0,52,13,20,0,0,0,0,3,7
"Obertan, GabrielObertan, G.NEW",5,3,279,1,0,3,9,0,174,83,22,1,0,3,2,2,0,0,0,1,2,3
"Obiang, PedroObiang, P.WHU",24,11,1079,2,0,0,7,0,690,361,38,15,0,61,10,19,0,0,0,1,1,7
"Odemwingie, PeterOdemwingie, P.STK",5,0,101,0,0,1,4,1,79,48,2,0,0,3,1,3,0,0,0,0,0,2
"Odjidja-Ofoe, VadisOdjidja-Ofoe, V.NOR",10,3,275,2,0,0,13,0,219,106,3,4,0,12,3,5,0,0,0,2,1,3
"Ogbonna, AngeloOgbonna, A.WHU",28,27,2328,5,0,0,2,0,1399,758,72,28,0,46,16,21,0,0,0,0,0,6
"Ojo, SheyiOjo, S.LIV",8,5,396,0,0,0,14,6,252,122,3,0,0,12,8,3,0,0,0,3,1,5
"Okazaki, ShinjiOkazaki, S.LEI",36,28,2070,1,0,8,12,0,988,386,19,7,0,49,47,31,0,0,5,0,12,47
"Okore, JoresOkore, J.AVL",12,12,1080,1,0,0,1,0,526,262,9,11,0,41,8,8,0,0,0,0,0,0
"Olsson, JonasOlsson, J.WBA",28,25,2016,5,0,2,3,0,883,394,17,41,0,37,10,22,0,0,1,1,2,6
"Olsson, MartinOlsson, M.NOR",24,20,1773,2,0,0,66,0,1037,332,29,27,0,49,18,18,0,0,1,2,6,7
"Onomah, JoshuaOnomah, J.TOT",8,0,78,0,0,0,5,0,64,31,0,0,0,6,0,1,0,0,0,0,2,3
"Origi, DivockOrigi, D.LIV",16,7,666,0,0,10,13,0,316,116,1,0,0,10,13,11,0,0,5,1,12,24
"OscarOscarCHE",27,20,1773,4,0,2,52,8,1396,820,15,7,0,52,36,21,1,2,3,3,16,52
"Osman, LeonOsman, L.EVE",9,2,218,0,0,0,1,1,176,118,5,4,0,6,6,2,0,0,0,0,0,3
"Ospina, DavidOspina, D.ARS",4,4,360,0,0,0,0,0,157,17,1,0,0,0,1,0,0,0,0,0,0,0
"Otamendi, NicolásOtamendi, N.MCI",30,30,2672,9,0,0,4,0,2205,1350,68,22,0,145,30,31,0,0,1,0,8,27
"Oularé, ObbiOularé, O.WAT",2,0,5,0,0,0,0,0,5,2,0,0,0,0,0,1,0,0,0,0,0,0
"Oviedo, BryanOviedo, B.EVE",14,12,998,0,0,1,24,15,764,372,32,16,0,45,12,17,0,0,0,1,2,5
"Oxford, ReeceOxford, R.WHU",7,3,209,0,0,0,0,0,98,46,12,3,0,3,1,1,0,0,0,0,0,1
"Oxlade-Chamberlain, AlexOxlade-Chamberlain, A.ARS",22,9,919,0,0,2,44,6,716,366,13,13,0,28,13,11,0,0,1,0,5,23
"Ozil, MesutOzil, M.ARS",35,35,3047,4,0,15,198,142,2817,1957,16,5,0,44,43,20,0,0,6,19,17,45
"Paloschi, AlbertoPaloschi, A.SWA",10,7,669,2,0,6,7,0,304,138,2,1,0,17,6,17,0,0,2,0,7,15
"Pantilimon, CostelPantilimon, C.SUN",17,17,1530,3,0,0,0,0,702,73,24,0,0,0,2,2,0,0,0,0,0,0
"Paredes, JuanParedes, J.WAT",17,7,766,1,0,0,30,0,503,193,9,8,0,30,9,10,0,0,0,0,1,5
"Pato, AlexandrePato, A.CHE",2,1,131,0,0,2,0,0,48,21,0,0,0,1,3,2,1,1,1,0,2,4
"Payet, DimitriPayet, D.WHU",30,29,2571,3,0,3,192,158,1958,1088,36,12,0,31,38,13,0,0,9,12,28,69
"PedroPedroCHE",29,24,2040,3,0,5,74,16,1434,820,19,6,0,56,46,23,0,0,7,3,15,57
"Pellè, GrazianoPellè, G.SOU",30,23,2173,6,0,17,20,0,1301,547,13,1,0,27,28,38,0,0,11,6,25,81
"Pennington, MatthewPennington, M.EVE",4,4,299,1,0,0,3,0,229,139,7,7,0,5,0,2,0,0,0,0,1,2
"Pereira, AndreasPereira, A.MUN",4,0,80,2,0,0,5,6,72,44,0,1,0,2,1,2,0,0,0,0,0,0
"Pérez, AyozePérez, A.NEW",34,22,2045,4,0,5,41,31,1177,456,30,8,0,84,39,36,0,0,6,2,15,51
"Pickford, JordanPickford, J.SUN",2,2,180,0,0,0,0,0,104,1,5,0,0,0,1,0,0,0,0,0,0,0
"Pienaar, StevenPienaar, S.EVE",4,0,118,0,0,0,2,0,107,62,0,1,0,3,3,1,0,0,0,0,0,2
"Pieters, ErikPieters, E.STK",35,35,3096,10,0,0,105,2,2510,1205,82,53,0,113,48,59,0,0,0,1,1,5
"Pinto, IvoPinto, I.NOR",10,9,811,0,0,3,35,0,597,245,12,4,0,27,6,9,0,0,0,0,0,0
"Pocognoli, SébastienPocognoli, S.WBA",1,0,35,0,0,0,3,0,34,15,0,0,0,0,0,0,0,0,0,1,0,0
"Powell, NickPowell, N.MUN",1,0,16,0,0,0,0,0,3,1,0,0,0,0,0,0,0,0,0,0,0,0
"Pritchard, AlexPritchard, A.",3,0,67,0,0,0,1,2,54,23,0,0,0,4,1,1,0,0,0,0,0,2
"Prodl, SebastianProdl, S.WAT",21,19,1776,5,0,0,1,0,802,389,47,12,0,40,6,21,0,0,2,0,3,12
"Pugh, MarcPugh, M.BOU",26,15,1334,1,0,1,41,18,847,395,13,4,0,36,29,10,0,0,3,2,9,22
"Puncheon, JasonPuncheon, J.CRY",31,31,2624,3,0,5,86,73,1822,1009,32,10,0,68,29,34,0,0,2,3,14,54
"Rahman, BabaRahman, B.CHE",15,11,1016,1,0,2,34,0,831,441,18,8,0,65,4,13,0,0,0,1,2,6
"RamiresRamiresCHE",12,7,607,1,0,1,9,0,465,254,11,7,0,31,15,20,0,0,2,0,5,10
"Ramírez, GastónRamírez, G.SOU",3,0,28,0,0,0,1,2,37,17,1,0,0,3,0,0,0,0,0,1,0,0
"Ramsey, AaronRamsey, A.ARS",31,29,2623,4,0,5,89,10,2717,1807,43,15,0,111,47,47,0,0,5,4,20,70
"Randall, ConnorRandall, C.LIV",3,2,163,0,0,0,2,0,132,56,3,1,0,5,2,2,0,0,0,0,1,2
"Randolph, DarrenRandolph, D.WHU",6,6,540,0,0,0,0,0,215,16,6,0,0,0,0,0,0,0,0,0,0,1
"Rangel, ÀngelRangel, À.SWA",23,20,1821,6,0,2,57,0,1820,1024,27,25,0,51,17,19,0,0,0,0,0,14
"Rantie, TokeloRantie, T.BOU",3,0,38,0,0,1,0,0,22,8,0,0,0,3,0,3,0,0,0,0,0,1
"Rashford, MarcusRashford, M.MUN",11,11,861,0,0,4,14,0,359,142,1,3,0,14,10,5,0,0,5,2,8,16
"Redmond, NathanRedmond, N.NOR",35,24,2337,0,0,6,84,43,1538,752,21,14,0,53,29,28,0,0,6,3,17,54
"Reed, HarrisonReed, H.SOU",1,0,10,0,0,0,0,0,15,6,1,0,0,1,0,0,0,0,0,0,0,0
"Reid, WinstonReid, W.WHU",24,24,2136,5,0,0,1,0,1241,685,70,27,0,76,27,24,0,0,1,1,5,18
"Remy, LoïcRemy, L.CHE",13,3,285,0,0,5,4,0,159,84,2,0,0,0,6,1,0,0,1,0,5,13
"Richards, MicahRichards, M.AVL",24,23,2044,3,0,0,2,0,1156,606,64,15,0,55,25,17,0,0,1,1,2,11
"Richardson, KieranRichardson, K.AVL",11,8,723,4,0,0,16,0,456,208,9,4,0,34,4,18,0,0,0,1,2,8
"Ritchie, MatthewRitchie, M.BOU",37,33,2976,5,0,4,122,100,2284,1125,73,31,0,67,55,41,0,0,4,6,17,77
"Rivière, EmmanuelRivière, E.NEW",3,1,63,0,0,0,1,0,37,17,0,0,0,1,1,1,0,0,0,0,0,3
"Roberts, PatrickRoberts, P.MCI",1,0,4,0,0,0,0,0,6,3,0,0,0,1,1,0,0,0,0,0,0,0
"Roberts, TylerRoberts, T.WBA",1,0,17,1,0,0,0,0,14,5,0,0,0,1,0,1,0,0,0,0,0,1
"Robles, JoelRobles, J.EVE",13,13,1170,1,0,0,0,0,565,89,5,0,0,0,1,0,0,0,0,0,0,0
"Robson, ThomasRobson, T.SUN",1,1,90,0,0,0,1,0,64,28,0,1,0,1,1,0,0,0,0,0,0,0
"Rodríguez, JayRodríguez, J.SOU",12,3,346,1,0,3,6,0,179,67,2,5,0,13,1,4,0,0,0,0,6,17
"Rodwell, JackRodwell, J.SUN",22,9,1158,5,0,2,12,0,579,315,11,10,0,28,7,17,0,0,1,0,7,25
"Rojo, MarcosRojo, M.MUN",16,15,1253,3,0,1,62,0,1072,518,11,7,0,67,12,20,0,0,0,1,1,8
"Romero, SergioRomero, S.MUN",4,4,360,0,0,0,0,0,170,36,20,0,0,0,0,0,0,0,0,0,0,0
"Romeu, OriolRomeu, O.SOU",29,17,1606,7,0,0,9,1,1143,674,33,20,0,109,15,28,0,0,1,0,8,27
"Rondón, JoséRondón, J.WBA",34,30,2564,1,1,26,29,0,1288,402,9,6,0,24,34,34,0,0,9,2,20,70
"Rooney, WayneRooney, W.MUN",28,27,2410,4,0,15,76,5,1547,927,14,7,0,36,14,28,1,1,8,6,25,72
"Rose, DannyRose, D.TOT",24,24,2132,7,0,2,98,1,1830,848,39,25,0,97,43,41,0,0,1,3,4,26
"Rossiter, JordanRossiter, J.LIV",1,0,14,0,0,0,0,0,12,5,3,0,0,2,0,0,0,0,0,0,0,0
"Routledge, WayneRoutledge, W.SWA",28,22,1680,3,0,8,65,5,1032,482,16,4,0,40,23,29,0,0,2,1,9,19
"Rudd, DeclanRudd, D.NOR",11,11,990,2,0,0,0,0,400,29,1,0,0,1,0,2,0,0,0,0,0,0
"Ruddy, JohnRuddy, J.NOR",27,27,2430,0,0,0,0,0,1059,159,19,0,0,0,2,0,0,0,0,0,0,0
"Sagna, BacarySagna, B.MCI",28,27,2448,4,0,0,76,0,2325,1343,51,11,0,68,15,18,0,0,0,3,2,5
"Saivet, HenriSaivet, H.NEW",4,2,148,0,0,0,0,0,130,64,10,0,0,15,1,1,0,0,0,0,0,0
"Sakho, DiafraSakho, D.WHU",21,18,1525,3,0,14,21,0,759,197,14,3,0,19,28,19,0,0,5,1,18,48
"Sakho, MamadouSakho, M.LIV",22,21,1855,1,0,1,2,0,1596,1069,33,24,0,47,15,9,0,0,1,0,1,6
"Sako, BakarySako, B.CRY",20,11,1073,1,0,7,45,20,639,292,11,6,0,21,12,13,0,0,2,1,13,34
"Sánchez, AlexisSánchez, A.ARS",30,28,2446,1,0,14,145,14,2095,1118,32,6,0,47,64,32,0,0,13,4,37,108
"Sánchez, CarlosSánchez, C.AVL",20,16,1370,3,0,0,7,0,1047,626,36,8,0,73,6,23,0,0,0,0,4,13
"SandroSandroWBA",12,5,379,0,0,0,3,0,224,94,5,4,0,19,6,5,0,0,0,0,0,3
"Schlupp, JeffSchlupp, J.LEI",24,14,1383,4,0,0,46,0,889,329,37,14,0,58,22,15,0,0,1,2,6,26
"Schmeichel, KasperSchmeichel, K.LEI",38,38,3420,2,0,0,0,0,1438,95,20,0,0,1,1,0,0,0,0,0,0,0
"Schneiderlin, MorganSchneiderlin, M.MUN",29,25,2204,3,0,0,13,3,1907,1328,64,9,0,119,15,52,0,0,1,0,1,11
"Schweinsteiger, BastianSchweinsteiger, B.MUN",18,13,1202,3,0,0,18,2,1296,887,26,6,0,64,17,19,0,0,1,0,3,12
"Sessegnon, StéphaneSessegnon, S.WBA",25,21,1758,1,0,3,68,28,1070,495,15,5,0,33,52,17,0,0,2,2,10,31
"Shaqiri, XherdanShaqiri, X.STK",27,27,2028,3,0,8,135,69,1155,552,9,4,0,29,28,25,0,0,3,6,11,40
"Shaw, LukeShaw, L.MUN",5,5,450,1,0,1,12,0,447,255,26,5,0,10,3,8,0,0,0,1,1,1
"Shawcross, RyanShawcross, R.STK",20,20,1697,2,1,3,2,0,859,439,19,23,0,41,3,18,0,0,0,0,0,8
"Shelvey, JonjoShelvey, J.",31,25,2268,8,0,1,76,71,1902,1183,63,13,0,64,8,21,1,1,1,5,16,56
"Sidwell, SteveSidwell, S.STK",1,0,12,0,0,0,0,0,11,5,2,0,0,2,0,1,0,0,0,0,0,0
"Sigurdsson, GylfiSigurdsson, G.SWA",36,32,2917,6,0,4,92,106,1739,937,21,12,0,49,23,26,3,3,11,3,32,90
"Silva, DavidSilva, D.MCI",24,22,1800,1,0,0,68,58,1786,1210,32,3,0,52,34,19,0,0,2,11,4,29
"Simpson, DannySimpson, D.LEI",30,30,2613,3,1,0,31,0,1637,654,34,39,0,82,12,29,0,0,0,0,2,7
"Sinclair, ScottSinclair, S.AVL",27,19,1596,0,0,10,21,1,615,271,8,6,0,21,21,6,1,1,2,0,7,17
"Sissoko, MoussaSissoko, M.NEW",37,37,3221,3,0,3,151,3,2257,1092,43,18,0,75,32,48,0,0,1,7,12,39
"Skrtel, MartinSkrtel, M.LIV",22,21,1886,5,0,1,3,0,1526,993,77,15,0,46,6,21,0,0,1,0,3,10
"Smalling, ChrisSmalling, C.MUN",35,35,3150,8,0,1,1,0,2135,1264,94,24,0,104,15,46,0,0,0,1,2,18
"Smith, AdamSmith, A.BOU",31,22,2096,5,0,2,65,4,1655,798,31,19,0,63,52,34,0,0,2,0,4,15
"Smith, BradSmith, B.LIV",4,3,285,1,1,0,16,0,233,87,4,6,0,13,5,7,0,0,0,0,0,1
"Soares, CédricSoares, C.SOU",24,23,1970,3,0,2,113,0,1460,583,43,32,0,63,15,19,0,0,0,2,2,10
"Son, Heung-MinSon, H.TOT",28,13,1105,0,0,9,9,9,712,347,12,12,0,33,11,11,0,0,4,1,13,39
"Song, AlexSong, A.WHU",12,8,658,1,0,0,6,0,575,376,8,2,0,55,7,13,0,0,0,0,0,6
"Souaré, PapeSouaré, P.CRY",34,34,3014,6,1,2,117,1,2091,896,33,36,0,61,32,25,0,0,0,1,1,10
"Speroni, JuliánSperoni, J.CRY",2,2,180,0,0,0,0,0,81,11,0,0,0,0,0,0,0,0,0,0,0,0
"Stanislas, JuniorStanislas, J.BOU",21,17,1440,1,0,3,62,44,1074,537,20,12,0,23,13,11,0,0,3,2,11,44
"Stekelenburg, MaartenStekelenburg, M.SOU",17,17,1530,0,0,0,0,0,514,101,17,1,0,0,3,0,0,0,0,0,0,0
"Sterling, RaheemSterling, R.MCI",31,23,1925,1,0,5,61,5,1329,722,18,5,0,38,52,26,0,0,6,2,22,52
"Sterry, JamieSterry, J.NEW",1,0,6,0,0,0,0,0,0,0,0,0,0,0,0,0,0,0,0,0,0,0
"Stewart, KevinStewart, K.LIV",7,6,564,1,0,0,3,0,581,393,17,6,0,31,16,9,0,0,0,0,0,5
"Stones, JohnStones, J.EVE",33,31,2779,3,0,0,8,0,1999,1365,58,47,0,61,26,11,0,0,0,0,1,9
"Sturridge, DanielSturridge, D.LIV",14,11,979,0,0,7,20,1,497,245,4,0,0,2,12,2,0,0,8,1,23,48
"Suárez, MarioSuárez, M.WAT",15,8,744,2,0,0,6,0,562,336,12,5,0,39,5,13,0,0,0,0,1,8
"Surman, AndrewSurman, A.BOU",38,38,3420,4,0,1,14,5,2799,1932,139,19,0,62,18,26,0,0,0,3,0,16
"Tadic, DusanTadic, D.SOU",34,27,2290,2,0,8,175,41,1523,695,30,10,0,61,35,24,1,1,7,12,16,57
"Targett, MattTargett, M.SOU",14,13,1069,1,0,1,37,0,715,337,27,9,0,24,12,4,0,0,0,1,1,3
"Taylor, NeilTaylor, N.SWA",34,33,2947,4,0,0,86,0,2013,1029,53,49,0,67,27,38,0,0,0,1,0,9
"Taylor, StevenTaylor, S.NEW",10,9,810,1,0,0,0,0,407,276,14,12,0,0,4,3,0,0,0,0,1,2
"Teixeira, DionatanTeixeira, D.STK",1,0,45,0,0,0,0,0,13,0,1,2,0,1,0,0,0,0,0,0,0,0
"Teixeira, JoaoTeixeira, J.LIV",1,0,3,0,0,0,0,0,6,3,0,0,0,1,0,0,0,0,0,0,0,0
"Terry, JohnTerry, J.CHE",24,24,1989,2,2,2,0,0,1222,825,55,27,0,41,5,10,0,0,1,0,2,10
"Tettey, AlexanderTettey, A.NOR",23,23,1952,10,0,0,5,2,1409,880,76,7,0,54,9,41,0,0,2,0,3,20
"Thauvin, FlorianThauvin, F.NEW",13,3,420,1,0,2,31,16,326,117,8,2,0,12,15,6,0,0,0,0,1,8
"Tioté, CheickTioté, C.NEW",20,16,1225,5,0,0,6,0,1076,701,23,7,0,71,14,31,0,0,0,0,0,1
"Toivonen, OlaToivonen, O.SUN",12,9,663,1,0,0,6,0,356,185,5,3,0,20,8,9,0,0,0,2,1,7
"Tomkins, JamesTomkins, J.WHU",25,23,1963,3,0,0,12,0,1318,647,76,19,0,82,15,17,0,0,0,0,1,9
"Tomlin, LeeTomlin, L.BOU",6,3,289,1,0,0,2,2,177,74,4,2,0,7,9,2,0,0,0,0,3,5
"Tomori, FikayoTomori, F.CHE",1,0,30,0,0,0,0,0,22,10,3,1,0,1,0,0,0,0,0,0,0,0
"Toner, KevinToner, K.AVL",4,3,315,0,0,0,2,0,182,76,3,1,0,12,4,2,0,0,0,1,0,1
"Toney, IvanToney, I.NEW",2,0,10,0,0,0,0,0,6,1,0,0,0,0,0,0,0,0,0,0,0,0
"Touré, KoloTouré, K.LIV",14,9,859,1,0,0,2,0,596,388,9,5,0,16,2,2,0,0,1,0,2,4
"Touré, YayaTouré, Y.MCI",32,28,2331,3,0,2,33,0,2239,1555,35,4,0,72,26,28,1,1,6,5,24,77
"Townsend, AndrosTownsend, A.",16,12,1153,0,0,0,64,30,773,339,17,3,0,36,13,7,0,0,4,2,16,29
"Traoré, AdamaTraoré, A.AVL",10,0,184,1,0,0,17,0,113,23,0,0,0,1,11,4,0,0,0,1,0,2
"Traoré, BertrandTraoré, B.CHE",10,4,373,0,0,5,8,1,225,111,2,0,0,17,4,3,0,0,2,1,6,17
"Trippier, KieranTrippier, K.TOT",6,5,458,1,0,0,38,0,437,202,8,11,0,14,10,3,0,0,1,1,1,2
"Ulloa, LeonardoUlloa, L.LEI",29,7,968,0,0,5,6,0,673,283,6,4,0,25,18,20,1,1,6,2,10,34
"Valencia, AntonioValencia, A.MUN",14,8,855,1,0,2,40,0,832,515,17,7,0,41,6,16,0,0,0,3,1,6
"Valencia, EnnerValencia, E.WHU",19,10,1009,1,0,10,16,7,535,173,3,5,0,24,22,11,0,0,4,2,11,34
"Van Aanholt, PatrickVan Aanholt, P.SUN",33,33,2970,2,0,4,85,3,1872,850,65,36,0,94,12,16,0,0,4,3,9,46
"Van Dijk, VirgilVan Dijk, V.SOU",34,34,3060,2,0,2,5,0,2064,1184,58,22,0,80,15,28,0,0,3,0,10,29
"Van Ginkel, MarcoVan Ginkel, M.STK",17,8,752,0,0,0,8,1,520,277,32,8,0,23,10,15,0,0,0,0,1,11
"Vardy, JamieVardy, J.LEI",36,36,3139,5,1,26,55,2,1263,401,13,8,0,50,29,41,5,6,24,6,52,114
"Varela, GuillermoVarela, G.MUN",4,3,315,1,0,0,12,0,271,120,8,1,0,28,7,5,0,0,0,0,0,1
"Veretout, JordanVeretout, J.AVL",25,21,1824,4,0,1,57,53,1333,824,16,14,0,42,26,19,0,0,0,5,7,21
"Vertonghen, JanVertonghen, J.TOT",29,29,2595,5,0,0,4,0,1941,1290,87,31,0,62,21,16,0,0,0,0,2,12
"Vorm, MichelVorm, M.TOT",1,1,90,0,0,0,0,0,54,34,4,0,0,0,0,0,0,0,0,0,0,0
"Walcott, TheoWalcott, T.ARS",28,15,1374,0,0,13,28,4,560,243,9,2,0,11,25,3,0,0,5,2,22,45
"Walker, KyleWalker, K.TOT",33,33,2943,7,0,3,88,0,2260,1030,96,30,0,116,30,29,0,0,1,3,7,21
"Walters, JonathanWalters, J.STK",27,18,1724,1,0,26,29,0,857,329,17,5,0,6,27,15,0,0,5,3,12,32
"Wanyama, VictorWanyama, V.SOU",30,29,2500,4,3,1,9,0,1918,1117,74,17,0,130,28,52,0,0,1,1,5,32
"Ward-Prowse, JamesWard-Prowse, J.SOU",33,14,1533,5,0,1,60,53,1034,609,15,17,0,40,8,21,1,1,2,4,7,28
"Ward, DannyWard, D.LIV",2,2,180,0,0,0,0,0,71,15,2,0,0,0,0,0,0,0,0,0,0,0
"Ward, JoelWard, J.CRY",30,30,2692,4,0,0,63,0,1732,711,47,29,0,63,28,36,0,0,2,1,6,17
"Wasilewski, MarcinWasilewski, M.LEI",4,3,302,2,0,0,0,0,132,61,2,3,0,14,0,4,0,0,0,0,0,1
"Watmore, DuncanWatmore, D.SUN",23,7,907,0,0,9,24,0,405,115,4,5,0,13,15,5,0,0,3,1,8,14
"Watson, BenWatson, B.WAT",35,31,2815,4,0,0,66,91,2022,1156,67,24,0,89,15,35,0,0,2,0,3,17
"Weir, JamesWeir, J.MUN",1,0,1,0,0,0,0,0,0,0,0,0,0,0,0,0,0,0,0,0,0,0
"Welbeck, DannyWelbeck, D.ARS",11,7,578,1,0,0,11,0,290,105,2,1,0,22,9,6,0,0,4,2,11,20
"Westwood, AshleyWestwood, A.AVL",32,31,2719,6,0,0,57,56,1989,1287,52,28,0,83,11,29,0,0,2,2,9,36
"Whelan, GlennWhelan, G.STK",37,37,3173,6,0,0,23,10,2527,1736,88,34,0,90,21,25,0,0,0,1,3,11
"Whittaker, StevenWhittaker, S.NOR",8,8,661,1,1,0,20,0,510,233,21,7,0,15,4,7,0,0,1,0,4,8
"Wickham, ConnorWickham, C.CRY",21,15,1324,1,0,2,17,0,727,244,3,5,0,20,19,32,1,1,5,3,10,33
"Wijnaldum, GeorginioWijnaldum, G.NEW",38,36,3168,1,0,5,34,8,1759,1049,36,7,0,46,50,15,1,1,11,5,28,53
"Williams, AshleyWilliams, A.SWA",36,36,3240,8,0,2,4,0,2543,1593,92,42,0,94,16,30,0,0,2,1,6,16
"Williams, JonathanWilliams, J.CRY",1,0,10,0,0,0,0,0,6,4,0,0,0,0,0,0,0,0,0,0,0,0
"WillianWillianCHE",35,32,2749,5,0,3,166,136,2207,1264,38,5,0,52,67,25,0,0,5,6,20,60
"Wilshere, JackWilshere, J.ARS",3,1,141,0,0,0,3,0,133,77,1,0,0,5,4,1,0,0,0,0,0,1
"Wilson, CallumWilson, C.BOU",13,9,772,0,0,4,8,1,288,88,4,6,0,6,19,12,1,1,5,0,7,17
"Wilson, JamesWilson, J.MUN",1,0,8,0,0,1,0,0,8,7,0,0,0,0,0,0,0,0,0,0,0,0
"Wilson, MarcWilson, M.STK",4,1,258,0,0,0,1,0,150,85,3,0,0,6,3,2,0,0,0,0,0,0
"Wimmer, KevinWimmer, K.TOT",10,9,812,2,0,0,0,0,643,484,9,7,0,11,3,12,0,0,0,0,0,1
"Wisdom, AndreWisdom, A.NOR",10,9,823,1,0,0,24,0,551,239,16,9,0,26,3,3,0,0,0,0,0,2
"Wollscheid, PhilippWollscheid, P.STK",31,30,2685,2,0,0,6,0,1664,987,61,43,0,77,17,18,0,0,0,0,1,3
"Yacob, ClaudioYacob, C.WBA",34,33,2854,8,0,0,9,0,1687,866,80,33,0,162,42,62,0,0,0,1,0,9
"Yedlin, DeAndreYedlin, D.SUN",23,21,1812,2,0,0,59,0,1123,379,27,36,0,50,12,22,0,0,0,1,1,4
"Yoshida, MayaYoshida, M.SOU",20,10,1014,0,0,0,10,0,742,391,44,16,0,22,7,6,0,0,1,0,2,2
"Young, AshleyYoung, A.MUN",18,11,1063,5,0,2,75,6,928,443,21,4,0,39,20,15,0,0,1,2,3,7
"Zabaleta, PabloZabaleta, P.MCI",13,12,1062,3,0,2,18,0,906,502,12,15,0,71,9,15,0,0,0,1,1,3
"Zaha, WilfriedZaha, W.CRY",34,30,2492,5,0,8,107,4,1393,467,19,13,0,65,90,40,0,0,2,1,9,31
"Zárate, MauroZárate, M.WHU",15,9,790,1,0,0,29,26,527,232,21,5,0,33,22,12,0,0,3,0,12,29
"Zouma, KurtZouma, K.CHE",23,21,1918,0,0,2,4,0,1087,592,45,16,0,26,8,9,0,0,1,1,2,16
