"name","GP","GS","MP","YC","RC","OFF","C","CK","TT","P","INT","BLK","GMB","TKL","FS","FC","PKG","PK","G","A","SOG","S"
"Adam, CharlieAdam, C.STO",31,20,1759,6,0,0,79,57,1138,569,74,10,0,22,33,35,1,1,7,4,23,59
"Adebayor, EmmanuelAdebayor, E.TOT",21,20,1808,0,0,29,22,0,1006,564,45,2,0,13,13,26,1,2,11,4,24,44
"AdriánAdriánWHU",20,20,1800,2,0,0,0,0,751,124,34,0,0,1,5,1,0,0,0,0,0,0
"Agbonlahor, GabrielAgbonlahor, G.AST",30,29,2447,7,0,25,33,1,762,326,25,8,0,13,36,40,0,0,4,5,15,46
"Agger, DanielAgger, D.LIV",20,16,1420,0,0,0,1,0,1093,679,97,11,0,6,11,9,0,0,2,1,4,6
"Agüero, SergioAgüero, S.MCY",23,20,1539,4,0,17,27,0,803,393,24,7,0,6,21,17,0,1,17,6,43,86
"Ake, NathanAke, N.CHE",1,0,11,0,0,0,0,0,5,3,0,1,0,0,0,0,0,0,0,0,0,0
"Akpom, ChubaAkpom, C.ARS",1,0,1,0,0,0,0,0,0,0,0,0,0,0,0,0,0,0,0,0,0,0
"Albrighton, MarcAlbrighton, M.AST",19,9,966,4,0,3,96,38,575,222,45,2,0,7,16,13,0,0,0,4,7,25
"Alcaraz, AntolínAlcaraz, A.EVE",6,5,495,0,0,0,1,0,363,223,34,8,0,2,3,3,0,0,0,0,1,2
"Allen, JoeAllen, J.LIV",24,15,1438,4,0,0,12,1,1021,645,127,10,0,10,23,19,0,0,1,0,8,19
"Alonso, MarcosAlonso, M.SUN",16,16,1439,4,1,1,35,1,1173,450,168,23,0,18,24,22,0,0,0,1,7,24
"Altidore, JozyAltidore, J.SUN",31,19,1776,3,0,11,6,0,735,261,37,8,0,9,43,46,0,0,1,1,11,30
"Aluko, SoneAluko, S.HUL",17,10,935,1,0,5,20,3,480,250,26,3,0,11,28,19,0,0,1,3,6,20
"Amalfitano, MorganAmalfitano, M.WBA",28,26,2151,3,0,11,112,47,1094,509,67,13,0,24,26,33,0,0,4,3,11,26
"Amat, JordiAmat, J.SWA",17,13,1246,3,0,0,0,0,878,532,88,17,0,13,8,18,0,0,0,0,1,4
"Ameobi, SammyAmeobi, S.NCU",10,4,372,1,0,0,16,2,182,65,19,3,0,3,5,5,0,0,0,0,0,6
"Ameobi, SholaAmeobi, S.NCU",26,14,1284,0,1,10,16,1,539,240,23,1,0,9,30,30,0,0,2,0,14,35
"Amorebieta, FernandoAmorebieta, F.FUL",23,20,1846,5,1,1,8,0,1071,490,90,25,0,10,12,25,0,0,1,0,4,11
"AndersonAndersonMAN",4,2,155,0,0,1,0,0,101,66,7,1,0,0,1,4,0,0,0,0,1,2
"Anelka, NicolasAnelka, N.WBA",12,11,856,0,0,17,16,0,431,240,19,3,0,4,10,14,0,0,2,0,4,14
"Anichebe, VictorAnichebe, V.",25,11,1216,3,0,7,18,0,541,257,19,4,0,4,30,18,0,0,3,3,13,40
"Anita, VurnonAnita, V.NCU",34,28,2461,2,0,0,43,34,1590,1003,170,17,0,20,24,21,0,0,1,1,3,22
"Armero, PabloArmero, P.WHU",5,3,322,1,0,0,7,0,193,79,24,5,0,5,3,5,0,0,0,0,0,1
"Armstrong, AdamArmstrong, A.NCU",4,0,30,0,0,0,0,0,16,10,3,0,0,0,2,0,0,0,0,0,0,1
"Arnautovic, MarkoArnautovic, M.STO",30,27,2253,3,0,10,89,21,1103,554,80,9,0,15,28,29,1,1,4,7,17,71
"Arteta, MikelArteta, M.ARS",31,27,2407,3,1,0,24,4,2510,1805,278,16,0,35,37,34,2,2,2,0,4,12
"Aspas, IagoAspas, I.LIV",14,5,380,3,0,1,3,2,180,86,9,2,0,4,7,7,0,0,0,1,1,2
"Assaidi, OussamaAssaidi, O.STO",19,12,1111,1,0,13,56,11,498,230,31,4,0,5,12,7,0,0,4,0,10,20
"Azpilicueta, CésarAzpilicueta, C.CHE",29,26,2325,1,0,1,41,0,2018,892,196,39,0,20,24,30,0,0,0,0,2,5
"Ba, DembaBa, D.CHE",19,5,661,0,0,9,5,0,283,106,11,3,0,1,8,18,0,0,5,1,13,31
"Ba, El-HadjiBa, E.SUN",1,0,19,0,0,0,0,0,11,7,0,0,0,0,0,1,0,0,0,0,0,0
"Bacuna, LeandroBacuna, L.AST",35,28,2594,6,0,0,83,14,1838,667,161,28,0,28,9,42,0,0,5,1,10,36
"Baines, LeightonBaines, L.EVE",32,32,2839,6,0,10,137,103,2679,1259,153,34,0,21,56,26,3,3,5,4,5,21
"Baker, NathanBaker, N.AST",30,29,2478,6,0,1,3,0,1277,489,141,31,0,26,14,35,0,0,0,0,3,12
"Bannan, BarryBannan, B.CP",15,13,1005,1,0,1,38,37,474,235,32,10,0,8,1,7,0,0,1,1,3,13
"Bardsley, PhilBardsley, P.SUN",26,26,2248,9,0,4,60,1,1537,620,109,35,0,26,24,25,0,0,2,0,8,31
"Barkley, RossBarkley, R.EVE",34,25,2286,5,0,4,15,7,1365,787,72,10,0,14,63,25,0,0,6,0,20,80
"Barry, GarethBarry, G.EVE",32,32,2849,10,0,1,13,2,2064,1340,213,24,0,32,39,48,0,0,3,4,5,17
"Bartley, KyleBartley, K.SWA",2,1,91,0,0,0,0,0,52,30,4,1,0,4,0,5,0,0,0,0,0,0
"Bassong, SebastienBassong, S.NC",27,27,2378,1,0,3,4,0,1249,664,159,33,0,7,9,12,0,0,0,0,6,19
"Becchio, LucianoBecchio, L.NC",5,0,54,0,0,0,0,0,32,12,0,0,0,1,2,3,0,0,0,0,0,1
"Begovic, AsmirBegovic, A.STO",32,32,2880,1,0,0,0,0,1231,296,52,2,0,0,6,0,0,0,1,0,1,1
"Bellamy, CraigBellamy, C.CC",22,13,1256,3,0,7,48,30,621,343,39,8,0,7,13,8,0,0,2,1,6,18
"Ben Arfa, HatemBen Arfa, H.NCU",27,13,1303,1,0,0,56,25,820,379,40,3,0,9,25,17,1,1,3,3,13,45
"Bendtner, NicklasBendtner, N.ARS",9,1,156,0,0,4,4,0,90,51,1,3,0,0,0,2,0,0,2,0,3,6
"Bennett, ElliottBennett, E.NC",2,1,104,0,0,0,7,6,36,14,3,0,0,1,2,0,0,0,0,0,2,3
"Bennett, JoeBennett, J.AST",5,3,244,2,0,1,6,0,202,66,15,1,0,0,1,2,0,0,0,0,0,1
"Bennett, RyanBennett, R.NC",16,14,1348,6,0,0,6,0,799,379,121,16,0,14,6,10,0,0,1,0,3,6
"Bent, DarrenBent, D.FUL",24,11,1239,0,0,9,11,0,284,129,7,1,0,1,7,5,0,0,3,2,10,21
"Bentaleb, NabilBentaleb, N.TOT",15,11,1068,2,0,0,12,1,677,473,50,8,0,10,10,17,0,0,0,1,2,16
"Benteke, ChristianBenteke, C.AST",26,24,2128,4,0,26,9,0,968,347,32,9,0,8,43,47,2,4,10,2,28,69
"Berahino, SaidoBerahino, S.WBA",32,11,1405,0,0,11,27,1,695,354,42,4,0,5,15,20,1,1,5,1,17,54
"Berbatov, DimitarBerbatov, D.FUL",18,18,1568,3,0,21,11,0,644,322,24,2,0,3,14,28,2,2,4,1,18,35
"Berget, Jo IngeBerget, J.CC",1,0,11,0,0,0,0,0,5,3,0,0,0,0,0,0,0,0,0,0,0,1
"Bertrand, RyanBertrand, R.",17,17,1455,3,0,1,33,0,1004,412,83,13,0,16,15,19,0,0,0,0,1,2
"Boateng, DerekBoateng, D.FUL",3,2,155,2,0,0,1,0,89,37,15,0,0,5,3,5,0,0,0,0,0,0
"Bolasie, YannickBolasie, Y.CP",29,23,2038,1,1,7,98,28,975,327,69,13,0,12,25,27,0,0,0,4,14,48
"Bony, WilfriedBony, W.SWA",34,27,2472,4,0,24,8,0,1198,540,53,8,0,10,48,35,4,4,16,4,40,106
"Borini, FabioBorini, F.SUN",32,25,2143,6,0,8,21,3,871,352,71,14,0,16,61,37,3,3,7,2,24,68
"Borriello, MarcoBorriello, M.WHU",2,0,90,0,0,0,0,0,36,8,6,0,0,1,2,4,0,0,0,0,0,0
"Boruc, ArturBoruc, A.SHN",29,29,2578,0,0,0,0,0,1227,409,71,0,0,2,2,0,0,0,0,1,0,0
"Bowery, JordanBowery, J.AST",9,2,234,0,0,0,2,1,107,44,5,1,0,2,2,6,0,0,0,1,4,7
"Boyata, DedryckBoyata, D.MCY",1,1,55,0,0,0,2,0,74,51,5,2,0,1,0,2,0,0,0,0,0,1
"Boyd, GeorgeBoyd, G.HUL",29,9,1197,2,0,7,33,24,618,296,46,9,0,16,15,20,0,0,2,2,9,25
"Brady, RobbieBrady, R.HUL",16,11,890,2,0,1,28,16,431,194,33,8,0,5,16,12,2,2,3,1,4,10
"Bridcutt, LiamBridcutt, L.SUN",12,9,847,4,0,0,8,1,585,376,64,5,0,12,10,14,0,0,0,0,0,3
"Briggs, MatthewBriggs, M.FUL",2,0,87,0,0,0,0,0,61,17,4,1,0,2,1,1,0,0,0,0,0,0
"Britton, LeonBritton, L.SWA",25,23,2020,2,0,0,10,2,1470,1061,120,19,0,9,20,9,0,0,0,1,2,5
"Brown, WesBrown, W.SUN",25,24,2064,2,3,0,2,0,1305,719,158,42,0,18,17,18,0,0,0,1,1,15
"Bruce, AlexBruce, A.HUL",20,19,1594,2,0,1,4,0,786,373,100,20,0,14,2,11,0,0,0,0,2,9
"Brunt, ChrisBrunt, C.WBA",28,25,2243,7,0,6,101,69,1250,609,116,21,0,11,11,25,0,0,3,4,10,49
"Burn, DanBurn, D.FUL",9,6,605,0,0,0,0,0,325,143,17,9,0,0,1,6,0,0,0,0,0,4
"Butland, JackButland, J.STO",3,2,225,0,0,0,0,0,80,23,0,0,0,0,0,0,0,0,0,0,0,0
"Buttner, AlexanderButtner, A.MAN",8,5,497,2,0,0,26,0,369,211,23,9,0,3,8,7,0,0,0,0,0,5
"Cabaye, YohanCabaye, Y.NCU",19,17,1509,5,0,1,51,50,1105,596,91,13,0,21,14,23,0,0,7,2,24,61
"CabralCabralSUN",1,1,90,0,0,0,0,0,60,44,0,1,0,1,1,5,0,0,0,0,0,5
"Cahill, GaryCahill, G.CHE",30,29,2623,2,0,0,4,0,1772,1091,167,28,0,11,20,13,0,0,1,1,5,18
"CalaCalaCC",7,7,585,3,1,3,1,0,211,89,18,4,0,8,4,8,0,0,2,0,2,7
"Cameron, GeoffCameron, G.STO",37,37,3285,7,0,2,121,0,2099,839,192,24,0,30,21,36,0,0,2,1,2,16
"Campaña, JoséCampaña, J.CP",6,4,311,0,0,0,5,4,192,114,10,1,0,1,5,3,0,0,0,1,0,5
"Campbell, FraizerCampbell, F.CC",37,32,2773,4,0,23,17,0,845,306,43,5,0,14,60,41,0,0,6,2,20,60
"Cañas, José AlbertoCañas, J.SWA",23,19,1670,5,0,0,2,1,1271,930,92,10,0,11,17,12,0,0,0,0,0,13
"Capoue, EtienneCapoue, E.TOT",12,8,686,1,0,0,1,0,430,280,36,11,0,4,7,17,0,0,1,0,3,6
"Carrick, MichaelCarrick, M.MAN",29,26,2413,5,0,0,19,2,1944,1361,214,14,0,7,19,13,0,0,1,0,5,17
"Carroll, AndyCarroll, A.WHU",15,12,1093,0,1,5,2,0,558,199,14,3,0,9,22,31,0,0,2,4,14,49
"Cattermole, LeeCattermole, L.SUN",24,21,1757,6,1,0,5,1,1057,570,146,16,0,31,23,32,0,0,1,0,3,13
"Caulker, StevenCaulker, S.CC",38,38,3420,2,0,3,7,0,1837,955,153,73,0,6,7,8,0,0,5,0,9,33
"Cazorla, SantiCazorla, S.ARS",31,30,2597,2,0,2,91,96,2310,1511,142,20,0,9,30,14,0,0,4,8,25,75
"Cech, PetrCech, P.CHE",34,34,3060,0,0,0,0,0,1088,310,76,0,0,0,3,0,0,0,0,0,0,0
"Celustka, OndrejCelustka, O.SUN",21,14,1332,1,0,0,34,0,877,386,60,20,0,12,9,10,0,0,0,0,3,7
"Chadli, NacerChadli, N.TOT",24,15,1452,1,0,2,46,8,773,441,50,5,0,6,11,19,0,0,1,3,5,30
"Chamakh, MarouaneChamakh, M.CP",32,27,2308,9,0,12,12,0,1075,465,80,14,0,21,55,50,1,1,5,2,11,18
"Chambers, CalumChambers, C.SHN",22,18,1641,0,0,0,71,0,1461,669,112,19,0,10,10,20,0,0,0,0,1,6
"Chester, JamesChester, J.HUL",24,22,1868,0,0,0,6,0,999,517,131,19,0,15,10,14,0,0,1,0,2,10
"ChicoChicoSWA",31,30,2690,5,2,0,2,0,2392,1551,234,35,0,30,24,39,0,0,3,0,10,24
"Chiriches, VladChiriches, V.TOT",17,16,1412,1,0,0,4,0,1014,623,157,7,0,11,14,13,0,0,1,0,1,4
"Cissé, PapissCissé, P.NCU",24,15,1383,0,0,17,13,1,536,256,26,0,0,3,12,12,1,1,2,2,22,47
"Cissokho, AlyCissokho, A.LIV",15,12,1089,2,0,1,23,0,784,341,63,19,0,6,9,9,0,0,0,1,0,5
"Clark, CiaranClark, C.AST",27,23,2202,8,0,1,9,0,1317,597,136,46,0,29,15,31,0,0,0,0,1,13
"Cleverley, TomCleverley, T.MAN",22,18,1579,3,0,0,9,3,1218,871,124,9,0,7,31,16,0,0,1,0,5,15
"Clichy, GaelClichy, G.MCY",20,18,1660,1,0,0,37,0,1507,837,117,35,0,9,10,9,0,0,0,0,0,1
"Clyne, NathanielClyne, N.SHN",25,20,1861,3,0,0,51,0,1515,783,113,16,0,22,10,17,0,0,0,4,3,4
"Colback, JackColback, J.SUN",33,28,2425,6,0,1,33,0,1427,757,155,28,0,24,55,44,0,0,3,2,7,18
"Cole, AshleyCole, A.CHE",17,15,1386,1,0,1,14,0,1023,569,75,14,0,6,16,15,0,0,0,2,1,4
"Cole, CarltonCole, C.WHU",26,9,846,1,0,11,4,0,360,106,14,2,0,5,11,22,0,0,5,1,9,20
"Cole, JoeCole, J.WHU",20,6,740,2,0,9,13,11,345,168,23,7,0,7,10,12,0,0,3,0,8,17
"Cole, LarnellCole, L.FUL",1,0,10,0,0,0,0,0,5,2,0,0,0,0,0,0,0,0,0,0,0,0
"Coleman, SeamusColeman, S.EVE",36,36,3229,3,0,2,87,0,2402,1176,154,32,0,15,31,24,0,0,6,2,12,30
"Collins, JamesCollins, J.WHU",24,22,1899,6,0,2,2,0,1104,411,120,30,0,19,7,16,0,0,1,0,2,14
"Collison, JackCollison, J.WHU",10,6,462,0,0,0,4,0,237,138,25,4,0,2,1,9,0,0,0,0,0,7
"Coloccini, FabricioColoccini, F.NCU",27,27,2405,2,0,0,8,0,1450,904,204,20,0,16,13,6,0,0,0,0,1,3
"Connolly, MatthewConnolly, M.CC",3,3,270,2,0,0,4,0,161,73,4,4,0,5,1,5,0,0,0,0,1,2
"Cork, JackCork, J.SHN",28,21,1736,5,0,1,21,1,1490,989,162,16,0,17,16,23,0,0,0,1,4,18
"Cornelius, AndreasCornelius, A.CC",8,0,107,0,0,0,0,0,58,13,1,0,0,0,2,2,0,0,0,0,1,4
"Coutinho, PhilippeCoutinho, P.LIV",33,28,2334,1,0,2,58,68,1813,1056,128,16,0,11,38,14,0,0,5,7,29,92
"Cowie, DonCowie, D.CC",18,10,960,1,0,1,15,6,412,235,30,8,0,5,5,8,0,0,0,2,1,7
"Crouch, PeterCrouch, P.STO",34,30,2643,7,0,16,5,0,1092,409,27,5,0,8,46,38,0,0,7,6,26,61
"Cuéllar, CarlosCuéllar, C.SUN",4,4,342,0,0,0,1,0,147,67,8,9,0,4,3,2,0,0,0,0,0,0
"Daehli, MatsDaehli, M.CC",13,5,626,0,0,0,4,0,320,213,23,3,0,2,6,1,0,0,1,0,2,6
"Daniels, LukeDaniels, L.WBA",1,0,12,0,0,0,0,0,5,0,0,0,0,0,0,0,0,0,0,0,0,0
"Dann, ScottDann, S.CP",14,14,1260,4,0,0,2,0,443,167,64,17,0,4,4,6,0,0,1,0,2,4
"David LuizDavid LuizCHE",19,15,1358,6,0,0,8,0,1098,655,115,11,0,9,22,28,0,0,0,1,7,31
"David, ChrisDavid, C.FUL",1,0,67,1,0,0,6,1,39,23,1,0,0,0,2,1,0,0,1,0,2,3
"Davies, BenDavies, B.SWA",34,32,2873,3,0,0,70,23,2353,1207,178,48,0,17,24,24,0,0,2,1,3,9
"Davies, CurtisDavies, C.HUL",37,37,3326,6,0,0,5,0,1674,763,201,36,0,24,29,26,0,0,2,1,4,26
"Davis, KelvinDavis, K.SHN",2,2,180,0,0,0,0,0,74,33,1,0,0,0,0,0,0,0,0,0,0,0
"Davis, StevenDavis, S.SHN",34,28,2497,3,0,2,45,65,1995,1297,166,16,0,21,17,25,0,0,2,7,7,32
"Dawson, CraigDawson, C.WBA",12,10,950,1,0,1,13,0,450,201,56,16,0,4,5,10,0,0,0,2,0,14
"Dawson, MichaelDawson, M.TOT",32,31,2838,7,0,1,4,1,2100,1241,238,41,0,16,15,29,0,0,0,0,3,17
"De Bruyne, KevinDe Bruyne, K.CHE",3,2,132,1,0,0,3,2,106,64,7,2,0,1,0,1,0,0,0,1,1,4
"De Gea, DavidDe Gea, D.MAN",37,37,3330,1,0,0,0,0,1135,355,56,1,0,0,3,0,0,0,0,0,0,0
"De Guzmán, JonathanDe Guzmán, J.SWA",34,26,2355,1,0,8,78,110,1810,1205,80,7,0,12,35,25,0,0,4,4,19,49
"De Jong, LuukDe Jong, L.NCU",12,8,671,0,0,0,4,0,282,127,25,1,0,1,13,4,0,0,0,1,7,17
"Debuchy, MathieuDebuchy, M.NCU",29,28,2494,8,1,5,98,2,1888,690,192,27,0,32,22,39,0,0,1,3,12,36
"Defoe, JermainDefoe, J.TOT",14,3,423,1,0,3,2,0,139,58,6,1,0,0,5,6,0,0,1,0,8,20
"Dejagah, AshkanDejagah, A.FUL",22,13,1301,5,0,4,58,17,751,342,55,14,0,6,22,18,0,0,5,2,9,22
"Delaney, DamienDelaney, D.CP",37,37,3285,9,0,1,7,0,1336,452,156,41,0,27,13,28,0,0,1,1,6,14
"Delph, FabianDelph, F.AST",34,33,3003,7,0,1,40,10,1825,1042,182,26,0,31,61,32,0,0,3,2,9,36
"Dembele, MoussaDembele, M.FUL",2,1,88,0,0,2,1,0,22,11,1,0,0,0,0,0,0,0,0,0,1,3
"Dembele, MoussaDembele, M.TOT",28,22,1819,5,0,0,11,2,1282,840,118,4,0,10,29,34,0,0,1,1,5,15
"Demel, GuyDemel, G.WHU",32,30,2638,3,0,1,67,0,1612,610,161,27,0,19,17,29,0,0,1,0,3,12
"Demichelis, MartínDemichelis, M.MCY",27,27,2430,6,0,0,2,0,1998,1305,264,20,0,29,4,19,0,0,2,1,5,15
"Dempsey, ClintDempsey, C.FUL",5,4,355,0,0,3,0,0,94,50,2,1,0,0,4,6,0,0,0,0,1,8
"Deulofeu, GerardDeulofeu, G.EVE",25,9,893,1,0,3,41,28,483,194,28,6,0,2,9,8,0,0,3,3,20,31
"Diaby, AbouDiaby, A.ARS",1,0,16,0,0,0,0,0,14,12,1,0,0,0,0,0,0,0,0,0,0,0
"Diakite, MobidoDiakite, M.SUN",7,7,630,0,0,1,0,0,418,203,56,9,0,5,11,9,0,0,0,0,0,3
"Diame, MohamedDiame, M.WHU",35,29,2484,4,0,1,68,0,1163,483,90,20,0,35,35,42,0,0,4,2,17,59
"Diarra, AlouDiarra, A.WHU",3,1,113,1,0,0,0,0,45,21,11,0,0,1,0,4,0,0,0,0,0,2
"Diarra, MahamadouDiarra, M.FUL",4,4,338,1,0,0,3,0,201,122,23,3,0,3,3,5,0,0,0,0,0,1
"Dikgacoi, KagishoDikgacoi, K.CP",26,25,1955,3,1,0,8,1,839,441,88,11,0,11,14,19,0,0,0,0,6,16
"Distin, SylvainDistin, S.EVE",33,33,2925,3,0,4,8,0,2179,1330,171,41,0,10,13,11,0,0,0,0,2,12
"Dobbie, StephenDobbie, S.CP",1,1,66,0,0,0,3,1,41,22,3,0,0,1,0,0,0,0,0,0,0,0
"Dorrans, GrahamDorrans, G.WBA",14,12,1106,4,0,0,32,41,609,321,61,8,0,9,12,10,0,0,2,0,7,18
"Dossena, AndreaDossena, A.SUN",7,6,490,1,1,0,19,0,353,126,30,9,0,2,2,6,0,0,0,0,0,4
"Downing, StewartDowning, S.WHU",32,29,2510,0,0,10,165,81,1218,560,83,15,0,7,29,5,0,0,1,2,10,41
"Duff, DamienDuff, D.FUL",15,9,695,1,0,3,18,13,261,121,20,2,0,4,8,6,0,0,0,3,2,7
"Dummett, PaulDummett, P.NCU",18,11,1139,1,1,0,37,24,915,346,90,16,0,10,3,9,0,0,1,0,2,12
"Dyer, NathanDyer, N.SWA",27,19,1750,1,0,3,46,1,1094,648,54,11,0,7,42,10,0,0,6,2,12,36
"Dzeko, EdinDzeko, E.MCY",31,23,1991,4,0,7,23,1,953,445,41,7,0,12,27,28,0,0,16,1,39,105
"Eikrem, MagnusEikrem, M.CC",6,1,198,0,0,0,5,10,144,95,8,0,0,1,3,1,0,0,0,1,1,6
"El Ahmadi, KarimEl Ahmadi, K.AST",31,26,2187,7,0,1,21,2,1050,542,92,22,0,30,13,53,0,0,2,1,7,29
"Elliot, RobElliot, R.NCU",2,2,180,0,0,0,0,0,98,20,6,0,0,0,0,0,0,0,0,0,0,0
"Elmander, JohanElmander, J.NC",29,16,1487,3,0,15,11,0,619,264,35,10,0,17,17,25,0,0,1,4,5,24
"Elmohamady, AhmedElmohamady, A.HUL",38,38,3329,3,0,4,198,5,2450,1152,191,22,0,10,30,32,0,0,2,2,8,18
"Emnes, MarvinEmnes, M.SWA",7,2,135,2,0,1,6,0,82,41,5,1,0,0,5,2,0,0,1,0,1,1
"Enrique, JoséEnrique, J.LIV",8,6,602,0,0,1,25,0,440,233,32,6,0,4,1,4,0,0,0,2,1,4
"Eriksen, ChristianEriksen, C.TOT",25,23,1983,3,0,0,103,124,1500,812,120,13,0,6,14,9,0,0,7,8,23,50
"Essien, MichaelEssien, M.CHE",5,2,147,2,0,1,1,0,167,112,20,2,0,1,2,2,0,0,0,0,1,3
"Etherington, MatthewEtherington, M.STO",11,5,420,0,0,0,13,17,187,98,12,2,0,3,2,3,0,0,0,0,0,0
"Eto'o, SamuelEto'o, S.CHE",21,16,1306,1,0,15,23,1,480,215,34,4,0,2,14,13,0,0,9,2,23,58
"Evans, JonnyEvans, J.MAN",17,17,1377,0,0,0,2,0,1035,676,100,21,0,6,11,1,0,0,0,0,1,7
"Evra, PatriceEvra, P.MAN",33,33,2884,2,0,13,135,0,2126,1017,183,24,0,11,33,35,0,0,1,3,9,19
"Fabianski, LukaszFabianski, L.ARS",1,1,90,0,0,0,0,0,51,28,2,0,0,0,0,0,0,0,0,0,0,0
"FabioFabio",14,14,1092,2,0,3,30,0,695,280,55,15,0,13,16,19,0,0,0,0,3,10
"Faye, AbdoulayeFaye, A.HUL",3,3,270,0,0,0,1,0,77,30,3,3,0,2,0,0,0,0,0,0,0,3
"Fellaini, MarouaneFellaini, M.",19,15,1376,2,0,3,11,0,1223,774,137,10,0,14,20,42,0,0,0,1,9,31
"Fer, LeroyFer, L.NC",29,28,2465,5,1,0,9,0,1473,838,151,14,0,43,35,51,0,0,3,1,15,38
"Ferdinand, RioFerdinand, R.MAN",14,12,1128,0,0,0,2,0,756,501,74,8,0,1,3,0,0,0,0,0,0,0
"FernandinhoFernandinhoMCY",33,29,2608,8,0,0,28,0,1950,1325,176,14,0,22,25,51,0,0,5,3,11,37
"Figueroa, MaynorFigueroa, M.HUL",32,31,2715,6,0,0,49,0,1858,757,175,33,0,25,39,42,0,0,0,0,6,20
"Flamini, MathieuFlamini, M.ARS",27,18,1604,8,1,1,3,1,1377,962,162,17,0,21,20,25,0,0,2,0,6,18
"Flanagan, JonFlanagan, J.LIV",23,23,1898,3,0,1,19,0,1402,684,123,11,0,14,20,27,0,0,1,1,3,7
"Fletcher, DarrenFletcher, D.MAN",12,9,779,0,0,0,16,0,656,480,56,1,0,4,9,3,0,0,0,0,1,5
"Fletcher, StevenFletcher, S.SUN",20,13,1239,1,0,19,1,0,386,143,18,1,0,5,20,15,0,0,3,0,9,32
"Fonte, JoséFonte, J.SHN",36,35,3181,7,0,0,11,0,2444,1490,256,31,0,26,17,33,0,0,3,0,6,19
"Foster, BenFoster, B.WBA",24,24,2148,1,0,0,0,0,868,177,38,3,0,1,1,1,0,0,0,0,0,0
"Fox, DanielFox, D.SHN",3,3,258,0,0,0,2,0,195,75,10,3,0,1,2,4,0,0,0,1,0,1
"Friedel, BradFriedel, B.TOT",1,1,90,0,0,0,0,0,38,17,0,0,0,0,0,0,0,0,0,0,0,0
"Fryatt, MattFryatt, M.HUL",10,0,218,0,0,3,2,0,94,49,5,0,0,2,5,4,0,0,2,0,3,6
"Fryers, EzekielFryers, E.TOT",7,3,399,0,0,0,13,0,323,153,26,5,0,0,5,1,0,0,0,0,0,2
"Fulton, JayFulton, J.SWA",2,1,80,1,0,0,0,0,33,18,2,1,0,4,0,1,0,0,0,0,0,0
"Gabbidon, DannyGabbidon, D.CP",23,22,1974,0,0,0,1,0,798,321,109,25,0,12,4,10,0,0,1,0,1,3
"Gallagher, SamGallagher, S.SHN",18,3,383,0,0,2,1,0,161,52,15,2,0,3,4,7,0,0,1,0,4,9
"Garbutt, LukeGarbutt, L.EVE",1,0,1,0,0,0,0,0,5,3,0,0,0,0,0,0,0,0,0,0,0,0
"García, JaviGarcía, J.MCY",29,14,1527,7,0,0,2,1,1049,737,109,4,0,12,11,18,0,0,0,0,5,10
"Gardner, CraigGardner, C.SUN",18,7,764,5,0,1,17,2,380,178,45,8,0,9,7,11,1,1,2,2,6,21
"Garrido, JavierGarrido, J.NC",6,6,516,2,0,1,18,0,311,153,19,7,0,5,2,7,0,0,0,0,0,0
"Garvan, OwenGarvan, O.CP",2,1,93,0,0,0,2,1,47,31,4,0,0,2,0,0,0,0,0,0,0,1
"Gayle, DwightGayle, D.CP",23,8,882,1,0,2,11,0,275,98,12,1,0,2,17,9,1,1,7,0,10,28
"Gazzaniga, PauloGazzaniga, P.SHN",8,7,662,0,0,0,0,0,287,103,21,1,0,0,1,0,0,0,0,0,0,0
"Gedo, MohamedGedo, M.HUL",2,0,30,0,0,0,1,0,20,13,0,0,0,0,0,1,0,0,0,0,0,1
"Gera, ZoltanGera, Z.WBA",14,5,483,1,0,0,12,6,250,124,14,4,0,5,8,8,0,0,0,1,4,9
"Gerrard, StevenGerrard, S.LIV",34,33,2900,7,0,1,94,99,2591,1665,240,32,0,24,22,36,10,11,13,14,31,59
"Gestede, RudyGestede, R.CC",3,0,49,0,0,0,0,0,24,8,2,0,0,0,1,0,0,0,0,0,0,1
"Giaccherini, EmanueleGiaccherini, E.SUN",24,16,1355,4,0,11,46,20,658,299,38,8,0,7,24,11,0,0,4,4,8,35
"Gibbs, KieranGibbs, K.ARS",28,24,2055,2,1,0,74,0,1670,854,165,34,0,14,11,19,0,0,0,1,2,8
"Gibson, DarronGibson, D.EVE",1,0,27,0,0,0,0,0,13,8,2,0,0,0,1,1,0,0,0,0,0,0
"Giggs, RyanGiggs, R.MAN",12,6,503,3,0,0,15,9,353,225,28,2,0,6,1,6,0,0,0,0,2,5
"Giroud, OlivierGiroud, O.ARS",36,36,3081,4,0,29,32,0,1489,636,74,8,0,23,57,47,1,1,16,8,39,109
"Gnabry, SergeGnabry, S.ARS",9,5,464,0,0,0,10,5,301,187,16,5,0,1,7,2,0,0,1,0,6,12
"Gosling, DanGosling, D.NCU",8,4,361,1,0,0,4,1,186,107,23,3,0,3,1,5,0,0,0,0,0,6
"Gouffran, YoanGouffran, Y.NCU",35,31,2620,3,0,4,48,10,1354,716,111,16,0,16,18,34,0,0,6,3,19,52
"Graham, DannyGraham, D.HUL",18,12,1003,1,0,5,5,0,318,155,5,1,0,1,9,7,0,0,1,1,7,16
"Grealish, JackGrealish, J.AST",1,0,2,0,0,0,0,0,2,1,0,0,0,0,0,0,0,0,0,0,0,0
"Guedioura, AdleneGuedioura, A.CP",8,4,317,0,0,0,5,2,162,80,11,1,0,3,4,10,0,0,0,0,2,13
"Guidetti, JohnGuidetti, J.STO",6,0,60,0,0,0,0,0,28,12,2,0,0,0,3,0,0,0,0,0,0,1
"GulyGulySHN",9,0,76,0,0,0,1,0,68,32,7,1,0,0,0,5,0,0,0,0,2,3
"Gunnarsson, AronGunnarsson, A.CC",23,17,1540,1,0,1,5,1,568,288,40,16,0,9,23,23,0,0,1,2,1,17
"Gutiérrez, JonásGutiérrez, J.",6,3,260,0,0,0,10,0,165,65,20,3,0,3,8,5,0,0,0,0,0,3
"Guzan, BradGuzan, B.AST",38,38,3420,1,0,0,0,0,1598,344,124,2,0,0,7,1,0,0,0,1,0,0
"Haidara, MassadioHaidara, M.NCU",11,3,426,2,0,0,17,0,335,130,32,6,0,3,6,7,0,0,0,0,1,3
"Hangeland, BredeHangeland, B.FUL",23,23,1906,0,0,0,0,0,1199,681,137,17,0,5,6,9,0,0,0,0,1,4
"Harper, SteveHarper, S.HUL",13,11,1100,1,0,0,0,0,450,76,41,0,0,0,2,1,0,0,0,0,0,0
"Hart, JoeHart, J.MCY",31,31,2790,1,0,0,0,0,1115,275,96,2,0,0,5,0,0,0,0,0,0,0
"Hazard, EdenHazard, E.CHE",35,32,2895,2,0,9,100,19,1911,1085,110,17,0,6,87,17,4,4,14,7,36,73
"Healey, RhysHealey, R.CC",1,0,14,0,0,0,0,0,5,0,2,0,0,0,0,0,0,0,0,0,0,0
"Heitinga, JohnHeitinga, J.",15,14,1250,3,0,0,10,0,663,295,70,21,0,6,4,15,0,0,1,1,2,9
"Helenius, NicklasHelenius, N.AST",3,0,49,0,0,0,0,0,17,7,1,0,0,0,0,0,0,0,0,0,0,1
"Henderson, JordanHenderson, J.LIV",35,35,3128,4,1,6,54,2,2250,1468,176,36,0,17,20,31,0,0,4,7,15,49
"Hennessey, WayneHennessey, W.CP",1,1,90,0,0,0,0,0,38,2,0,0,0,0,0,0,0,0,0,0,0,0
"Herd, ChrisHerd, C.AST",2,2,171,2,0,0,0,0,97,52,8,4,0,2,6,4,0,0,0,0,0,0
"Hernández, JavierHernández, J.MAN",24,6,839,2,0,9,12,0,294,154,10,0,0,2,14,6,0,0,4,3,12,22
"Hernández, PabloHernández, P.SWA",27,17,1431,2,0,3,49,24,1013,622,42,13,0,6,18,15,0,0,2,7,10,30
"Hibbert, TonyHibbert, T.EVE",1,0,3,0,0,0,0,0,6,3,0,1,0,0,0,0,0,0,0,0,0,0
"Holt, GrantHolt, G.AST",10,3,376,1,0,3,4,0,126,45,12,0,0,0,11,11,0,0,1,0,1,3
"Holtby, LewisHoltby, L.",26,17,1490,3,0,1,45,61,952,498,72,5,0,11,22,22,0,0,2,3,11,40
"Hooiveld, JosHooiveld, J.SHN",3,3,270,1,0,0,1,0,220,129,25,2,0,0,2,3,0,0,0,0,0,1
"Hoolahan, WesHoolahan, W.NC",16,10,800,1,0,2,21,3,470,254,28,6,0,3,21,8,0,0,1,1,8,18
"Hooper, GaryHooper, G.NC",32,22,2018,0,0,5,13,0,614,349,30,3,0,5,16,18,1,1,6,2,21,46
"Howard, TimHoward, T.EVE",37,37,3263,4,1,0,1,0,1424,440,86,1,0,5,3,2,0,0,0,1,0,0
"Howson, JonathanHowson, J.NC",27,23,2084,3,0,0,12,2,1253,765,101,15,0,18,16,28,0,0,2,0,9,25
"Huddlestone, TomHuddlestone, T.HUL",36,35,3145,4,1,2,90,97,2386,1383,243,30,0,37,26,47,0,0,2,3,19,61
"Hudson, MarkHudson, M.CC",2,2,147,0,0,0,0,0,112,64,4,5,0,0,2,1,0,0,0,0,0,3
"Hughes, AaronHughes, A.FUL",13,11,1064,2,0,0,0,0,634,342,66,14,0,3,8,2,0,0,0,0,0,0
"Huth, RobertHuth, R.STO",12,12,1067,4,0,1,0,0,505,239,48,16,0,14,7,23,0,0,0,0,2,10
"Ibe, JordanIbe, J.LIV",1,0,14,0,0,0,0,0,6,4,0,0,0,0,0,1,0,0,0,0,0,1
"Ince, TomInce, T.CP",8,5,411,0,0,0,15,9,154,53,9,1,0,2,10,3,0,0,1,1,3,9
"Ireland, StephenIreland, S.STO",25,14,1388,3,0,5,28,35,814,467,56,13,0,17,4,26,0,0,2,2,7,21
"Ivanovic, BranislavIvanovic, B.CHE",36,36,3180,8,0,7,114,0,2501,1158,189,26,0,35,25,48,0,0,3,1,9,37
"Jaaskelainen, JussiJaaskelainen, J.WHU",18,18,1620,0,0,0,0,0,617,122,32,0,0,1,1,2,0,0,0,1,0,0
"Jagielka, PhilJagielka, P.EVE",26,26,2316,2,0,0,3,2,1690,1058,156,25,0,12,18,9,0,0,0,1,3,15
"Jakupovic, EldinJakupovic, E.HUL",1,1,90,0,0,0,0,0,49,12,11,0,0,0,0,0,0,0,0,0,0,0
"James, ThomasJames, T.CC",1,0,1,0,0,0,0,0,1,0,0,0,0,0,0,0,0,0,0,0,0,0
"Januzaj, AdnanJanuzaj, A.MAN",27,15,1640,7,0,3,75,18,1013,489,57,5,0,4,60,30,0,0,4,3,13,48
"Jarvis, MatthewJarvis, M.WHU",32,23,1949,1,0,8,107,48,689,259,35,14,0,5,20,9,0,0,2,3,6,14
"Jedinak, MileJedinak, M.CP",38,38,3389,7,0,1,19,1,2078,931,294,37,0,32,43,59,1,1,1,1,10,33
"Jelavic, NikicaJelavic, N.",25,21,1696,3,0,26,12,0,601,216,31,5,0,12,21,30,0,1,5,1,27,69
"Jenkinson, CarlJenkinson, C.ARS",14,7,800,1,0,0,27,1,519,281,16,3,0,3,4,8,0,0,1,2,1,2
"Jerome, CameronJerome, C.",29,20,1759,4,0,25,18,0,683,249,34,5,0,11,20,43,0,0,2,1,16,41
"Ji, Dong-WonJi, D.SUN",5,2,201,0,0,0,5,0,96,49,3,0,0,0,1,2,0,0,0,0,1,6
"Joao TeixeiraJoao TeixeiraLIV",1,0,8,0,0,0,0,0,14,6,2,0,0,0,0,0,0,0,0,0,0,2
"JoelJoelEVE",2,1,156,0,0,0,0,0,70,19,7,0,0,0,0,0,0,0,0,0,0,0
"John, DeclanJohn, D.CC",20,16,1487,0,0,0,24,0,832,363,65,12,0,1,3,3,0,0,0,0,3,5
"Johnson, AdamJohnson, A.SUN",36,28,2446,2,0,4,117,58,1245,578,78,14,0,5,31,18,1,1,8,5,17,56
"Johnson, BradleyJohnson, B.NC",32,28,2461,6,1,1,26,3,1475,818,159,21,0,34,25,48,0,0,3,1,7,39
"Johnson, GlenJohnson, G.LIV",29,29,2522,3,0,1,59,0,2275,1178,170,23,0,14,38,25,0,0,0,2,4,20
"Johnson, RogerJohnson, R.WHU",4,2,272,1,0,0,0,0,104,42,7,4,0,1,0,2,0,0,0,0,0,1
"Jones, BillyJones, B.WBA",21,21,1740,5,0,2,45,0,1112,497,76,19,0,9,18,18,0,0,0,0,6,13
"Jones, KenwyneJones, K.",18,10,964,0,0,4,8,0,434,162,15,3,0,2,13,8,0,0,1,1,10,27
"Jones, PhilJones, P.MAN",26,26,2174,5,0,0,28,0,1489,859,173,20,0,17,26,29,0,0,1,2,4,12
"Jovetic, StevanJovetic, S.MCY",13,2,360,1,0,2,8,0,229,139,10,2,0,0,11,4,0,0,3,1,11,23
"Kaboul, YounesKaboul, Y.TOT",13,11,943,1,2,0,9,0,766,404,83,11,0,12,4,10,0,0,1,1,4,8
"Kacaniklic, AlexKacaniklic, A.FUL",23,15,1299,0,0,3,35,29,519,266,38,10,0,2,24,8,0,0,1,0,4,20
"Kagawa, ShinjiKagawa, S.MAN",18,14,1170,0,0,2,35,0,785,531,44,4,0,1,8,4,0,0,0,3,6,14
"Kalas, TomasKalas, T.CHE",2,2,180,0,0,0,0,0,54,34,0,6,0,1,0,0,0,0,0,0,0,1
"Kallstrom, KimKallstrom, K.ARS",3,1,128,1,0,0,2,0,112,75,8,0,0,3,0,4,0,0,0,0,1,3
"Kane, HarryKane, H.TOT",10,6,498,0,0,5,12,1,217,96,13,0,0,1,10,4,0,0,3,0,12,28
"Karagounis, GeorgiosKaragounis, G.FUL",14,6,656,1,0,1,15,23,475,289,54,4,0,6,29,7,0,0,0,0,3,8
"Kasami, PajtimKasami, P.FUL",29,20,1805,5,0,9,50,2,945,403,71,23,0,20,43,40,0,0,3,0,15,55
"Kebe, JimmyKebe, J.CP",6,2,189,0,0,1,4,0,76,30,3,0,0,1,4,3,0,0,0,0,1,5
"Kelly, MartinKelly, M.LIV",5,0,107,0,0,0,2,0,85,35,12,3,0,2,0,2,0,0,0,0,0,0
"Ki, Sung-YuengKi, S.",28,25,2198,3,0,3,22,15,1439,972,128,7,0,10,26,17,1,1,3,1,14,40
"Kim, Bo-KyungKim, B.CC",28,21,1673,4,0,1,19,8,895,505,68,14,0,12,39,25,0,0,1,0,9,22
"Kolarov, AleksandarKolarov, A.MCY",30,21,1970,2,0,2,99,10,1611,792,148,15,0,20,35,13,0,0,1,7,14,53
"Kompany, VincentKompany, V.MCY",28,28,2365,6,1,0,3,0,1727,1087,253,25,0,15,10,25,0,0,4,1,7,18
"Koné, ArounaKoné, A.EVE",5,0,79,0,0,3,0,0,38,21,2,0,0,0,1,0,0,0,0,0,2,3
"Koren, RobertKoren, R.HUL",22,10,1135,1,0,2,11,9,581,336,34,4,0,6,7,9,0,0,2,0,4,26
"Koscielny, LaurentKoscielny, L.ARS",32,32,2741,1,1,0,0,0,1823,1181,263,33,0,24,17,29,0,0,2,0,6,13
"Kozak, LiborKozak, L.AST",14,8,781,1,0,8,4,0,231,72,14,3,0,2,13,18,0,0,4,0,8,12
"Krul, TimKrul, T.NCU",36,36,3240,0,0,0,0,0,1467,358,131,1,0,0,2,1,0,0,0,0,0,1
"Kvist, WilliamKvist, W.FUL",8,7,592,1,0,0,1,0,253,129,35,2,0,7,3,5,0,0,0,0,0,2
"Lallana, AdamLallana, A.SHN",38,37,3100,3,0,15,106,34,1927,1045,114,8,0,16,77,31,0,0,9,6,30,73
"Lamah, RolandLamah, R.SWA",9,4,455,1,0,0,18,0,259,152,15,8,0,0,7,3,0,0,2,2,4,14
"Lambert, RickieLambert, R.SHN",37,31,2816,2,0,28,68,2,1260,627,48,9,0,9,18,38,3,3,13,10,42,104
"Lamela, ErikLamela, E.TOT",9,3,327,1,0,3,6,6,257,143,24,2,0,1,4,5,0,0,0,1,2,8
"Lampard, FrankLampard, F.CHE",26,20,1702,4,0,2,39,61,1228,772,83,8,0,19,9,19,1,3,6,3,24,57
"Larsson, SebastianLarsson, S.SUN",31,24,2218,6,0,1,63,80,1278,700,104,13,0,23,17,37,0,0,1,3,6,35
"Lawrence, TomLawrence, T.MAN",1,1,70,0,0,0,0,0,35,21,1,0,0,0,1,1,0,0,0,0,0,2
"Ledley, JoeLedley, J.CP",14,14,1249,1,0,2,7,6,492,264,54,7,0,7,17,8,0,0,2,1,4,11
"Lee, ElliotLee, E.WHU",1,0,2,0,0,0,0,0,1,1,0,0,0,0,0,0,0,0,0,0,0,0
"Lennon, AaronLennon, A.TOT",27,26,2187,1,0,2,71,8,1002,543,66,13,0,5,24,10,0,0,1,3,7,25
"Lescott, JoleonLescott, J.MCY",10,8,784,0,0,0,0,0,571,377,73,8,0,3,0,4,0,0,0,0,1,6
"Lewis, JoeLewis, J.CC",1,1,90,0,0,0,0,0,70,30,0,0,0,0,0,0,0,0,0,0,0,0
"Lindegaard, AndersLindegaard, A.MAN",1,1,90,0,0,0,0,0,43,11,2,0,0,0,0,0,0,0,0,0,0,0
"Lita, LeroyLita, L.SWA",2,0,34,0,0,1,0,0,8,1,0,0,0,1,0,1,0,0,0,0,0,0
"Livermore, JakeLivermore, J.HUL",36,34,3054,6,0,0,26,0,1786,1094,159,19,0,28,31,42,0,0,3,4,7,38
"Lloris, HugoLloris, H.TOT",37,37,3330,2,0,0,0,0,1337,318,108,2,0,1,3,2,0,0,0,0,0,0
"Long, ShaneLong, S.",30,26,2244,2,0,27,25,0,786,291,44,7,0,14,48,48,0,0,7,2,22,52
"Lovren, DejanLovren, D.SHN",31,31,2788,7,0,1,2,1,2125,1257,219,26,0,35,21,27,0,0,2,1,4,20
"Lowton, MatthewLowton, M.AST",23,18,1663,4,0,0,37,1,1121,457,98,13,0,16,11,15,0,0,0,3,0,2
"Loza, JamarLoza, J.NC",1,0,32,0,0,0,0,0,17,9,1,0,0,0,1,0,0,0,0,0,1,1
"Lucas LeivaLucas LeivaLIV",27,20,1872,6,0,1,2,4,1443,995,158,16,0,25,15,48,0,0,0,0,2,9
"Lugano, DiegoLugano, D.WBA",9,7,659,2,0,0,0,0,292,139,44,10,0,5,2,11,0,0,1,0,1,6
"Luis AlbertoLuis AlbertoLIV",9,0,135,0,0,0,4,3,116,75,4,0,0,0,0,1,0,0,0,1,2,3
"Lukaku, RomeluLukaku, R.",33,29,2602,1,0,19,23,0,1124,453,29,10,0,6,12,23,0,0,15,7,45,101
"Luna, ToniLuna, T.AST",17,16,1381,2,0,2,20,0,776,258,52,31,0,13,9,13,0,0,1,0,1,1
"Maiga, ModiboMaiga, M.WHU",14,11,1007,0,0,10,8,0,382,128,11,2,0,7,6,13,0,0,1,2,6,26
"Mannone, VitoMannone, V.SUN",29,28,2567,0,0,0,0,0,1412,365,100,1,0,0,1,0,0,0,0,0,0,0
"Mariappa, AdrianMariappa, A.CP",24,23,2113,6,0,1,49,2,1069,382,90,29,0,16,18,15,0,0,1,1,1,5
"Marshall, DavidMarshall, D.CC",37,37,3330,2,0,0,0,0,1487,338,52,0,0,0,2,0,0,0,0,0,0,0
"Martin, RussellMartin, R.NC",31,29,2616,2,0,2,69,0,1828,882,132,41,0,10,12,18,0,0,0,0,2,12
"Marveaux, SylvainMarveaux, S.NCU",9,2,224,0,0,0,9,13,130,82,7,0,0,0,2,1,0,0,0,0,0,4
"Mata, JuanMata, J.",28,25,2064,0,0,12,121,68,1517,990,79,5,0,2,41,14,0,0,6,6,12,39
"Matic, NemanjaMatic, N.CHE",17,15,1364,3,0,1,10,0,1001,623,97,11,0,17,11,28,0,0,0,4,1,13
"Mavrias, CharisMavrias, C.SUN",4,1,150,0,0,0,4,5,63,31,3,3,0,2,1,0,0,0,0,0,0,0
"Maynard, NickyMaynard, N.CC",8,0,121,0,0,0,4,0,38,13,2,1,0,1,3,2,0,0,0,0,1,3
"McAuley, GarethMcAuley, G.WBA",32,32,2860,4,0,4,2,2,1357,664,169,23,0,12,30,19,0,0,2,0,6,18
"McCarthy, JamesMcCarthy, J.EVE",34,31,2856,5,0,0,14,1,1664,1071,161,19,0,25,28,45,0,0,1,3,5,19
"McCarthy, PatrickMcCarthy, P.CP",1,0,26,0,0,0,0,0,6,1,0,0,0,0,0,0,0,0,0,0,0,1
"McCartney, GeorgeMcCartney, G.WHU",22,20,1840,4,0,0,34,1,1156,452,109,37,0,12,23,10,0,0,0,0,0,2
"McGeady, AidenMcGeady, A.EVE",16,4,470,0,0,1,29,8,286,150,17,5,0,3,3,2,0,0,0,1,2,10
"McGregor, AllanMcGregor, A.HUL",26,26,2227,0,2,0,0,0,844,147,29,0,0,2,5,2,0,0,0,0,0,0
"McLean, AaronMcLean, A.HUL",1,0,6,0,0,0,0,0,4,0,0,0,0,0,0,0,0,0,0,0,0,0
"McNaughton, KevinMcNaughton, K.CC",5,3,281,0,0,1,5,0,193,92,14,3,0,0,0,0,0,0,0,0,0,0
"McShane, PaulMcShane, P.HUL",10,9,686,0,0,1,2,0,385,192,25,8,0,8,6,9,0,0,0,0,0,3
"Medel, GaryMedel, G.CC",34,34,2873,6,0,1,17,4,1896,1245,203,23,0,18,23,33,0,0,0,1,2,16
"Mertesacker, PerMertesacker, P.ARS",35,35,3150,3,0,1,3,0,2344,1589,319,22,0,23,24,12,0,0,2,0,4,20
"MescaMescaFUL",1,0,18,0,0,0,0,0,9,3,2,0,0,0,1,0,0,0,0,0,0,0
"Meyler, DavidMeyler, D.HUL",30,27,2135,8,0,3,27,0,1125,636,115,18,0,19,44,32,0,0,2,1,4,16
"MichuMichuSWA",17,15,1289,2,0,11,7,0,591,331,23,1,0,7,21,12,0,0,2,2,14,42
"Mignolet, SimonMignolet, S.LIV",38,38,3420,0,0,0,0,0,1372,533,89,0,0,0,5,0,0,0,0,0,0,0
"Mikel, John ObiMikel, J.CHE",24,11,1064,3,0,0,3,0,752,515,83,5,0,7,10,18,0,0,1,1,2,9
"Milner, JamesMilner, J.MCY",31,12,1358,3,0,4,69,21,993,553,65,10,0,10,19,20,0,0,1,4,6,25
"Mirallas, KevinMirallas, K.EVE",32,28,2330,6,0,19,80,83,1116,541,57,8,0,11,34,31,0,0,8,8,25,78
"Mitroglou, KonstantinosMitroglou, K.FUL",3,1,151,0,0,2,1,0,63,27,5,1,0,1,0,4,0,0,0,0,3,7
"Miyaichi, RyoMiyaichi, R.ARS",1,0,17,0,0,0,1,0,10,6,1,0,0,0,0,0,0,0,0,0,0,0
"Monreal, NachoMonreal, N.ARS",23,13,1178,2,0,4,50,0,1079,624,113,13,0,7,12,11,0,0,0,1,1,4
"Morrison, JamesMorrison, J.WBA",32,23,2209,1,0,2,30,16,1334,779,119,11,0,19,21,28,1,1,1,4,12,47
"Morrison, RavelMorrison, R.WHU",16,12,1154,5,0,2,12,0,602,354,47,2,0,8,19,13,0,0,3,2,4,20
"Moses, VictorMoses, V.LIV",19,6,644,1,0,1,9,2,432,244,36,3,0,5,14,12,0,0,1,0,3,11
"Moxey, DeanMoxey, D.CP",20,18,1518,2,0,2,24,0,891,278,64,29,0,18,11,13,0,0,0,1,2,10
"Mulumbu, YoussoufMulumbu, Y.WBA",37,33,3079,7,0,1,23,0,2286,1365,331,28,0,36,40,56,0,0,2,2,7,36
"Muniesa, MarcMuniesa, M.STO",13,7,827,0,0,0,9,0,549,268,61,18,0,5,5,6,0,0,0,0,0,3
"Murphy, JoshMurphy, J.NC",9,0,131,1,0,0,7,2,73,27,8,2,0,0,2,1,0,0,0,0,1,5
"Murray, GlennMurray, G.CP",14,3,394,1,0,6,1,0,175,51,15,3,0,2,10,15,1,1,1,1,3,13
"Mutch, JordonMutch, J.CC",35,26,2264,5,0,8,43,19,1195,592,65,16,0,11,42,47,0,0,7,5,21,57
"Myhill, BoazMyhill, B.WBA",14,14,1260,0,0,0,0,0,551,101,47,1,0,0,2,0,0,0,0,0,0,0
"N'Gog, DavidN'Gog, D.SWA",3,0,42,0,0,1,2,0,22,13,1,1,0,0,1,3,0,0,0,0,0,3
"Naismith, StevenNaismith, S.EVE",31,13,1412,1,0,1,15,0,687,332,36,7,0,11,31,26,0,0,5,2,13,35
"NaniNaniMAN",11,7,560,0,0,3,44,7,412,224,27,2,0,0,10,5,0,0,0,0,2,16
"Nasri, SamirNasri, S.MCY",34,29,2498,3,0,6,89,142,2237,1544,97,10,0,10,27,21,0,0,7,7,16,48
"Nastasic, MatijaNastasic, M.MCY",13,11,1027,4,0,0,0,0,812,534,66,10,0,7,5,19,0,0,0,0,2,5
"Naughton, KyleNaughton, K.TOT",22,19,1744,6,0,0,56,5,1379,714,85,17,0,6,14,23,0,0,0,0,2,9
"Navas, JesúsNavas, J.MCY",30,18,1774,0,0,2,129,49,1312,796,87,9,0,3,14,5,0,0,4,7,10,33
"Negredo, ÁlvaroNegredo, Á.MCY",32,21,1725,1,0,14,22,0,754,353,31,2,0,7,16,22,0,0,9,3,26,65
"Noble, MarkNoble, M.WHU",38,38,3343,6,1,1,74,37,2207,1291,232,22,0,48,42,41,2,2,3,4,5,21
"Nocerino, AntonioNocerino, A.WHU",10,2,254,3,0,0,6,2,153,68,28,2,0,4,5,6,0,0,0,0,1,3
"Nolan, KevinNolan, K.WHU",33,33,2694,7,2,13,15,1,896,416,89,28,0,22,19,44,0,0,7,5,20,50
"Noone, CraigNoone, C.CC",17,13,1225,2,0,1,73,5,562,202,30,5,0,5,18,13,0,0,1,1,7,27
"Nzonzi, StevenNzonzi, S.STO",36,34,3041,4,1,2,19,0,1933,1275,151,14,0,30,23,47,0,0,2,1,6,30
"O'Brien, JoeyO'Brien, J.WHU",17,13,1235,4,0,0,16,0,728,310,45,17,0,10,16,14,0,0,0,0,1,4
"O'Keefe, StuartO'Keefe, S.CP",12,2,390,2,0,0,3,1,190,105,14,4,0,5,2,9,0,0,1,0,5,8
"O'Neil, LiamO'Neil, L.WBA",3,0,15,0,0,0,1,0,9,3,0,0,0,0,0,0,0,0,0,0,0,0
"O'Shea, JohnO'Shea, J.SUN",33,33,2922,2,1,0,7,0,1737,999,217,33,0,18,13,21,0,0,1,0,1,6
"Obertan, GabrielObertan, G.NCU",3,0,33,0,0,0,1,0,27,12,2,0,0,0,0,0,0,0,0,0,0,0
"Odemwingie, PeterOdemwingie, P.",30,26,2090,4,0,21,24,0,916,450,70,11,0,16,31,36,0,0,7,1,16,42
"Okore, JoresOkore, J.AST",3,2,167,0,0,0,1,0,98,51,7,1,0,0,1,3,0,0,0,0,0,0
"Olsson, JonasOlsson, J.WBA",32,32,2819,10,0,0,2,0,1487,731,201,33,0,19,20,19,0,0,1,0,2,16
"Olsson, MartinOlsson, M.NC",34,33,2965,2,0,1,92,2,1938,818,167,44,0,15,33,8,0,0,0,1,2,14
"OscarOscarCHE",33,24,2143,4,0,4,88,24,1519,868,96,16,0,18,25,32,0,0,8,2,23,71
"Osman, LeonOsman, L.EVE",38,27,2172,4,0,1,26,1,1358,893,97,9,0,12,29,27,0,0,3,4,16,50
"Osvaldo, PabloOsvaldo, P.SHN",13,9,855,3,0,15,5,2,329,137,13,1,0,4,7,17,0,0,3,0,12,28
"Oviedo, BryanOviedo, B.EVE",9,8,718,1,0,1,30,7,567,248,33,22,0,5,11,12,0,0,2,1,5,15
"Oxlade-Chamberlain, AlexOxlade-Chamberlain, A.ARS",14,6,523,0,0,1,12,2,396,228,20,3,0,4,10,6,0,0,2,2,7,19
"Ozil, MesutOzil, M.ARS",26,25,2149,0,0,11,73,61,1754,1238,52,7,0,5,26,10,0,0,5,9,18,30
"Palacios, WilsonPalacios, W.STO",16,5,513,3,0,0,1,1,294,164,41,7,0,4,6,8,0,0,0,0,0,0
"Pantilimon, CostelPantilimon, C.MCY",7,7,630,1,0,0,0,0,238,58,24,0,0,0,0,0,0,0,0,0,0,0
"Parker, ScottParker, S.FUL",29,27,2318,7,0,0,12,6,1529,967,164,16,0,18,41,37,0,0,2,1,7,17
"Parr, JonathanParr, J.CP",15,7,756,0,0,0,17,0,343,120,43,6,0,4,6,4,0,0,0,0,0,2
"PaulinhoPaulinhoTOT",30,28,2381,4,1,3,20,3,1519,959,120,4,0,17,18,33,0,0,6,2,23,72
"Pennant, JermainePennant, J.STO",8,0,179,1,0,3,8,11,105,55,9,0,0,1,5,6,0,0,1,0,1,1
"Petric, MladenPetric, M.WHU",3,0,65,0,0,0,1,0,23,8,1,0,0,1,2,1,0,0,0,0,0,0
"Phillips, KevinPhillips, K.CP",4,0,76,0,0,1,0,0,25,14,0,0,0,0,2,1,0,0,0,0,0,3
"Pienaar, StevenPienaar, S.EVE",23,19,1633,2,0,3,28,9,1008,621,49,13,0,6,43,23,0,0,1,2,6,20
"Pieters, ErikPieters, E.STO",36,34,2902,5,0,2,54,1,1825,744,133,48,0,38,37,57,0,0,1,2,1,10
"Pilkington, AnthonyPilkington, A.NC",15,10,831,2,0,3,11,3,355,147,11,9,0,6,8,16,0,0,1,1,4,15
"Podolski, LukasPodolski, L.ARS",20,14,1172,0,0,5,23,0,724,475,30,7,0,9,11,9,0,0,8,2,19,41
"Popov, GoranPopov, G.WBA",2,1,83,0,0,0,1,0,74,38,6,1,0,0,0,0,0,0,0,0,0,0
"Pozuelo, ÁlexPozuelo, Á.SWA",22,7,867,1,0,0,13,11,661,419,34,4,0,2,15,6,0,0,0,1,3,15
"Pritchard, AlexPritchard, A.TOT",1,0,7,0,0,0,0,0,3,2,0,0,0,0,0,0,0,0,0,0,0,0
"Proschwitz, NickProschwitz, N.HUL",2,0,23,0,0,0,0,0,15,8,0,0,0,3,0,3,0,0,0,0,0,1
"Puncheon, JasonPuncheon, J.CP",34,29,2515,2,0,1,87,44,1269,564,103,14,0,17,16,21,1,2,7,2,32,77
"Quinn, StephenQuinn, S.HUL",15,4,503,0,0,3,13,5,351,230,20,5,0,6,15,4,0,0,0,0,1,2
"RafaelRafaelMAN",19,18,1418,5,0,1,62,0,1175,502,98,15,0,9,24,19,0,0,0,1,2,8
"RamiresRamiresCHE",30,29,2607,7,1,7,47,0,1829,1078,165,20,0,22,58,54,0,0,1,2,14,50
"Ramírez, GastónRamírez, G.SHN",18,3,511,2,0,3,15,9,420,221,28,2,0,8,14,15,0,0,1,3,5,21
"Ramsey, AaronRamsey, A.ARS",23,20,1764,3,0,2,42,1,1588,1062,99,8,0,21,24,26,0,0,10,8,27,49
"Rangel, ÁngelRangel, Á.SWA",30,29,2632,8,0,1,81,0,2533,1389,196,27,0,17,21,40,0,0,0,1,2,9
"Rat, RazvanRat, R.WHU",15,11,1131,1,0,0,53,0,723,297,52,7,0,9,11,8,0,0,0,0,1,6
"Redmond, NathanRedmond, N.NC",34,23,2158,2,0,5,104,36,1091,465,88,15,0,11,37,17,0,0,1,3,22,65
"Reed, HarrisonReed, H.SHN",4,0,10,0,0,0,0,0,19,16,0,0,0,0,1,0,0,0,0,0,0,0
"Reid, StevenReid, S.WBA",16,16,1306,3,0,0,30,1,832,332,83,23,0,12,16,17,0,0,0,0,4,10
"Reid, WinstonReid, W.WHU",22,18,1674,2,0,0,3,0,850,378,137,21,0,11,21,20,0,0,1,0,2,10
"Remy, LoïcRemy, L.NCU",26,24,2103,2,1,31,33,3,853,412,42,1,0,7,27,24,0,1,14,3,32,88
"Richards, MicahRichards, M.MCY",2,2,161,0,0,0,0,0,116,61,6,3,0,3,0,2,0,0,0,0,1,1
"Richardson, KieranRichardson, K.FUL",31,28,2381,5,0,3,63,13,1416,577,111,25,0,14,16,17,0,0,4,3,7,28
"Ridgewell, LiamRidgewell, L.WBA",33,33,2869,6,0,2,79,1,1843,780,131,33,0,25,53,25,0,0,1,2,1,3
"Riether, SaschaRiether, S.FUL",31,30,2646,3,0,0,75,6,1743,839,90,27,0,12,10,13,0,0,0,2,1,3
"Riise, John ArneRiise, J.FUL",20,17,1486,2,0,2,45,6,1002,388,73,27,0,10,6,12,0,0,0,0,4,18
"Roberge, ValentinRoberge, V.SUN",9,7,668,1,0,0,0,0,380,232,32,11,0,5,6,8,0,0,0,1,1,3
"Roberts, PatrickRoberts, P.FUL",2,0,44,1,0,0,0,0,22,13,1,0,0,1,0,1,0,0,0,0,0,0
"Robinson, CallumRobinson, C.AST",4,0,46,0,0,1,4,0,32,11,2,0,0,0,2,0,0,0,0,0,0,1
"Rodallega, HugoRodallega, H.FUL",13,6,623,0,0,4,6,3,228,101,7,0,0,1,5,6,0,0,2,2,7,17
"Rodríguez, JayRodríguez, J.SHN",33,30,2567,2,0,28,29,0,1095,485,66,12,0,22,31,28,0,0,15,3,34,100
"Rodwell, JackRodwell, J.MCY",5,1,109,0,0,0,0,0,55,39,3,1,0,1,0,2,0,0,0,0,0,2
"Rooney, WayneRooney, W.MAN",29,27,2448,8,0,17,145,80,1720,944,92,10,0,7,28,31,3,3,17,10,43,100
"Rose, DannyRose, D.TOT",22,22,1902,4,1,1,84,0,1628,675,138,22,0,18,43,28,0,0,1,2,3,15
"Rosenberg, MarkusRosenberg, M.WBA",4,1,90,0,0,2,0,0,29,9,0,0,0,1,1,1,0,0,0,0,0,1
"Rosenior, LiamRosenior, L.HUL",29,22,1986,5,0,0,52,1,1452,615,100,28,0,27,16,14,0,0,1,2,3,11
"Rosicky, TomasRosicky, T.ARS",27,17,1574,7,0,0,40,2,1219,862,74,4,0,19,20,29,0,0,2,1,11,25
"Routledge, WayneRoutledge, W.SWA",35,32,2706,2,0,11,111,10,1392,725,93,10,0,14,25,34,0,0,2,4,11,28
"Ruddy, JohnRuddy, J.NC",38,38,3420,2,0,0,0,0,1536,306,92,1,0,0,8,0,0,0,0,0,0,0
"Ruiz, BryanRuiz, B.FUL",12,8,773,0,0,1,16,32,386,199,21,2,0,1,19,3,0,0,1,3,3,11
"Sagbo, YannickSagbo, Y.HUL",28,16,1499,2,1,15,14,0,612,272,37,2,0,12,25,25,0,0,2,1,9,22
"Sagna, BacarySagna, B.ARS",35,34,3060,6,0,0,116,1,2825,1567,236,30,0,25,29,23,0,0,1,2,7,16
"Sakho, MamadouSakho, M.LIV",18,17,1480,0,0,0,4,0,1307,840,148,17,0,15,7,9,0,0,1,0,1,10
"Salah, MohamedSalah, M.CHE",10,6,500,1,0,1,20,0,305,150,9,3,0,3,14,3,0,0,2,1,6,21
"SandroSandroTOT",17,10,827,6,0,0,5,0,590,366,61,3,0,21,8,28,0,0,1,0,4,16
"Sanogo, YayaSanogo, Y.ARS",8,0,71,0,0,3,0,0,38,11,3,0,0,2,1,0,0,0,0,0,1,2
"Santon, DavideSanton, D.NCU",27,26,2223,1,0,1,58,13,1514,668,161,20,0,16,15,20,0,0,0,0,6,29
"Schneiderlin, MorganSchneiderlin, M.SHN",33,31,2766,8,0,2,14,0,2145,1434,227,16,0,44,30,54,0,0,2,1,6,30
"Schurrle, AndréSchurrle, A.CHE",30,15,1326,1,0,16,36,27,755,366,56,14,0,9,13,21,0,0,8,2,18,58
"Schwarzer, MarkSchwarzer, M.CHE",4,4,360,0,0,0,0,0,143,48,14,0,0,0,0,0,0,0,0,0,0,0
"Scocco, IgnacioScocco, I.SUN",6,0,92,0,0,0,0,0,38,10,2,1,0,1,1,4,0,0,0,0,0,3
"Senderos, PhilippeSenderos, P.FUL",12,12,1027,3,0,0,3,0,703,391,72,23,0,4,4,10,0,0,1,1,2,4
"Sessegnon, StephaneSessegnon, S.",28,25,2078,0,0,8,22,2,1070,595,68,7,0,6,41,19,0,0,5,1,12,54
"Shaw, LukeShaw, L.SHN",35,35,2992,4,0,0,127,4,2433,1078,193,37,0,26,45,27,0,0,0,1,10,24
"Shawcross, RyanShawcross, R.STO",37,37,3292,5,1,5,15,0,1875,875,184,52,0,17,26,28,0,0,1,0,4,18
"Shea, BrekShea, B.STO",1,0,31,0,0,0,0,0,21,13,2,0,0,0,0,1,0,0,0,0,0,0
"Shelvey, JonjoShelvey, J.SWA",32,29,2475,4,0,0,92,40,1936,1163,117,17,0,28,16,28,0,0,6,6,25,77
"Sidwell, SteveSidwell, S.FUL",38,36,3233,5,0,10,14,4,1801,1000,229,29,0,35,41,64,0,1,7,2,16,48
"Sigurdsson, GylfiSigurdsson, G.TOT",25,14,1276,2,0,2,11,20,647,335,55,10,0,3,17,9,0,0,5,0,14,36
"Silva, DavidSilva, D.MCY",27,26,2173,5,0,2,81,58,2059,1462,86,9,0,9,42,23,0,0,7,9,13,54
"Sinclair, ScottSinclair, S.WBA",8,4,301,0,0,0,4,0,122,72,8,0,0,1,5,0,0,0,0,0,2,5
"Sissoko, MoussaSissoko, M.NCU",35,35,3034,8,0,7,102,10,1797,928,153,22,0,28,31,41,0,0,3,6,16,44
"Skrtel, MartinSkrtel, M.LIV",36,36,3222,6,0,1,5,0,2730,1637,307,49,0,37,13,26,0,0,7,1,8,15
"Smalling, ChrisSmalling, C.MAN",25,21,1938,2,0,3,28,0,1494,808,144,28,0,5,16,19,0,0,1,0,3,12
"Smith, BradSmith, B.LIV",1,0,30,0,0,0,0,0,9,2,1,0,0,0,0,2,0,0,0,0,0,0
"Snodgrass, RobertSnodgrass, R.NC",30,29,2572,6,0,3,146,140,1690,764,91,19,0,40,78,48,0,1,6,2,23,68
"Soldado, RobertoSoldado, R.TOT",28,22,1932,6,0,9,28,0,612,314,19,1,0,4,29,22,4,4,6,5,16,59
"Sorensen, ThomasSorensen, T.STO",4,4,315,0,0,0,0,0,144,29,13,0,0,0,0,0,0,0,0,0,0,0
"Speroni, JulianSperoni, J.CP",37,37,3330,0,0,0,0,0,1388,212,81,2,0,1,5,0,0,0,0,0,0,0
"Stekelenburg, MaartenStekelenburg, M.FUL",19,19,1682,0,0,0,0,0,801,194,58,0,0,0,1,0,0,0,0,0,0,0
"Sterling, RaheemSterling, R.LIV",33,24,2218,3,0,8,80,4,1380,706,114,9,0,14,60,52,0,0,9,5,21,44
"Stockdale, DavidStockdale, D.FUL",21,19,1738,0,0,0,0,0,801,217,72,0,0,0,1,0,0,0,0,0,0,0
"Stones, JohnStones, J.EVE",21,15,1368,1,0,1,4,0,1101,640,89,33,0,8,8,3,0,0,0,0,0,1
"Sturridge, DanielSturridge, D.LIV",29,26,2275,2,0,19,35,0,1029,513,49,4,0,2,37,10,0,1,22,7,44,97
"Suárez, LuisSuárez, L.LIV",33,33,2964,6,0,33,93,38,1910,857,112,10,0,16,69,53,0,0,31,12,82,183
"Swift, JohnSwift, J.CHE",1,0,1,0,0,0,1,0,2,1,0,0,0,0,0,0,0,0,0,0,0,0
"Sylla, YacoubaSylla, Y.AST",11,5,548,1,0,0,8,0,242,121,26,7,0,7,3,15,0,0,0,0,1,4
"Szczesny, WojciechSzczesny, W.ARS",37,37,3330,2,0,0,0,0,1532,443,149,2,0,4,5,2,0,0,0,0,0,0
"Taarabt, AdelTaarabt, A.FUL",12,7,594,0,0,2,8,6,302,155,15,4,0,1,20,3,0,0,0,1,14,29
"Tankovic, MuamerTankovic, M.FUL",3,1,59,0,0,0,0,0,17,9,0,0,0,0,1,1,0,0,0,0,0,1
"Taylor, AndrewTaylor, A.CC",18,18,1573,0,0,0,20,2,889,429,53,27,0,5,10,4,0,0,0,0,1,4
"Taylor, MatthewTaylor, M.WHU",20,16,1413,3,0,0,28,3,594,254,53,23,0,11,14,12,0,0,0,0,2,14
"Taylor, NeilTaylor, N.SWA",10,6,590,1,0,0,6,1,399,204,30,10,0,6,4,4,0,0,0,1,0,3
"Taylor, StevenTaylor, S.NCU",10,9,730,0,1,1,1,0,319,149,34,13,0,8,1,6,0,0,1,0,1,3
"Terry, JohnTerry, J.CHE",34,34,3060,3,0,2,3,0,2105,1400,215,28,0,8,20,11,0,0,2,1,8,27
"Tettey, AlexanderTettey, A.NC",21,17,1488,7,0,0,8,0,1041,661,127,9,0,16,12,22,0,0,1,0,3,13
"Theophile Catherine, KevinTheophile Catherine, K.CC",28,26,2356,3,0,0,65,0,1554,547,113,25,0,20,26,29,0,0,0,0,2,10
"ThievyThievyWBA",6,3,252,0,0,1,5,0,107,46,3,1,0,1,6,6,0,0,2,0,3,6
"Thomas, JeromeThomas, J.CP",9,3,367,2,0,3,24,5,157,68,15,1,0,4,10,9,0,0,0,0,1,7
"Tiendalli, DwightTiendalli, D.SWA",10,9,751,0,0,2,16,0,578,309,32,8,0,10,5,11,0,0,0,0,0,3
"Tioté, CheickTioté, C.NCU",33,31,2764,10,0,1,21,1,2481,1463,358,16,0,38,54,71,0,0,0,1,11,44
"Tomkins, JamesTomkins, J.WHU",31,31,2601,5,1,1,2,0,1392,626,164,29,0,24,25,28,0,0,0,0,5,12
"Tonev, AleksandarTonev, A.AST",17,6,596,0,0,2,18,1,249,105,24,4,0,5,5,10,0,0,0,0,9,24
"Torres, FernandoTorres, F.CHE",28,16,1571,3,1,21,27,1,675,265,29,5,0,8,28,20,0,0,5,5,18,63
"Touré, KoloTouré, K.LIV",20,15,1439,2,0,1,0,0,1056,588,126,16,0,10,1,11,0,0,0,2,0,8
"Touré, YayaTouré, Y.MCY",35,35,2927,4,0,2,44,0,2658,1976,167,15,0,12,25,39,6,6,20,9,27,65
"Townsend, AndrosTownsend, A.TOT",25,12,1226,2,0,1,56,9,764,371,28,4,0,4,31,8,0,0,1,0,20,55
"Traoré, LacinaTraoré, L.EVE",1,0,1,0,0,0,0,0,1,0,0,0,0,0,1,0,0,0,0,0,0,0
"Tremmel, GerhardTremmel, G.SWA",12,12,1080,0,0,0,0,0,379,128,19,1,0,0,2,0,0,0,0,0,0,0
"Tunnicliffe, RyanTunnicliffe, R.FUL",3,2,166,0,0,0,5,0,30,14,1,0,0,0,1,0,0,0,0,1,1,1
"Turner, BenTurner, B.CC",31,30,2720,4,0,5,4,0,1497,749,145,36,0,12,8,25,0,0,0,1,2,9
"Turner, MichaelTurner, M.NC",22,22,1944,7,0,1,0,0,1041,559,105,23,0,19,9,23,0,0,0,0,0,2
"Valencia, AntonioValencia, A.MAN",29,20,1941,6,1,5,85,0,1443,808,112,20,0,12,24,38,0,0,2,3,6,17
"Van Ginkel, MarcoVan Ginkel, M.CHE",2,0,11,0,0,0,0,0,11,6,0,0,0,0,0,0,0,0,0,0,0,0
"Van Persie, RobinVan Persie, R.MAN",21,18,1584,2,0,22,34,29,590,252,29,6,0,5,11,26,2,2,12,3,20,60
"Van Wolfswinkel, RickyVan Wolfswinkel, R.NC",25,16,1394,1,0,6,9,0,411,189,23,5,0,13,14,39,0,0,1,1,9,33
"Vaughan, DavidVaughan, D.SUN",3,2,171,0,0,0,3,1,99,46,15,1,0,4,0,2,0,0,0,0,0,1
"Vaz Te, RicardoVaz Te, R.WHU",8,3,257,0,0,1,6,0,109,37,2,1,0,1,4,2,0,0,2,0,5,9
"Vázquez, ÁlvaroVázquez, Á.SWA",12,5,410,0,0,7,8,0,125,62,4,3,0,2,5,6,0,0,0,1,4,8
"Veljkovic, MilosVeljkovic, M.TOT",2,0,30,0,0,0,0,0,29,22,3,0,0,0,0,0,0,0,0,0,0,0
"Vergini, SantiagoVergini, S.SUN",11,10,978,2,0,0,5,0,727,363,76,10,0,10,2,14,0,0,0,0,0,4
"Vermaelen, ThomasVermaelen, T.ARS",14,7,782,0,0,1,3,0,549,319,67,7,0,10,6,5,0,0,0,1,0,5
"Vertonghen, JanVertonghen, J.TOT",23,23,2004,4,0,2,19,0,1412,757,110,19,0,9,23,12,0,0,0,0,3,13
"Vidic, NemanjaVidic, N.MAN",25,23,2082,5,2,0,3,0,1503,892,236,15,0,12,11,32,0,0,0,0,2,17
"Vlaar, RonVlaar, R.AST",32,32,2805,4,0,1,4,0,1664,787,219,32,0,18,12,12,0,0,0,1,2,10
"Vorm, MichelVorm, M.SWA",26,26,2339,2,1,0,0,0,872,305,73,0,0,1,5,1,0,0,0,0,0,0
"Vydra, MatejVydra, M.WBA",23,7,667,0,0,4,8,0,205,73,9,2,0,1,15,1,0,0,3,3,8,11
"Walcott, TheoWalcott, T.ARS",13,9,858,1,0,7,33,36,413,213,17,4,0,4,6,4,0,0,5,4,16,32
"Walker, KyleWalker, K.TOT",26,26,2298,5,0,1,71,14,1972,1007,136,35,0,8,30,27,0,0,1,2,5,17
"Walters, JonathanWalters, J.STO",32,27,2240,8,1,13,42,0,850,360,53,11,0,17,44,36,2,3,5,2,18,38
"Wanyama, VictorWanyama, V.SHN",23,19,1659,7,0,0,1,0,1332,843,168,6,0,36,31,46,0,0,0,0,3,18
"Ward-Prowse, JamesWard-Prowse, J.SHN",34,16,1601,3,0,0,62,93,1254,774,113,12,0,15,18,21,0,0,0,2,7,20
"Ward, JoelWard, J.CP",36,36,3240,3,0,2,68,26,1850,650,183,32,0,22,40,32,0,0,0,2,5,19
"Weimann, AndreasWeimann, A.AST",37,31,2660,1,0,5,46,4,821,410,59,10,0,9,23,26,0,0,5,4,21,70
"Welbeck, DannyWelbeck, D.MAN",25,15,1459,2,0,0,7,0,688,380,46,5,0,5,31,12,0,0,9,1,19,46
"Westwood, AshleyWestwood, A.AST",35,35,3081,7,0,0,64,91,1650,964,159,17,0,24,19,37,0,0,3,2,8,29
"Westwood, KeirenWestwood, K.SUN",10,10,853,0,0,0,0,0,347,57,13,0,0,1,0,0,0,0,0,0,0,0
"Whelan, GlennWhelan, G.STO",32,28,2361,4,1,0,20,10,1564,992,170,21,0,28,19,33,0,0,0,1,2,13
"Whittaker, StevenWhittaker, S.NC",20,16,1421,3,0,0,32,0,867,358,92,8,0,18,14,16,0,0,1,1,1,10
"Whittingham, PeterWhittingham, P.CC",32,30,2661,3,0,1,98,111,1481,810,91,22,0,15,17,17,1,1,3,6,16,45
"Wickham, ConnorWickham, C.SUN",15,10,848,1,0,4,20,0,380,129,16,2,0,9,20,13,0,0,5,1,8,26
"Wilbraham, AaronWilbraham, A.CP",4,1,81,0,0,2,1,0,42,15,2,0,0,0,1,3,0,0,0,0,3,4
"Wilkinson, AndyWilkinson, A.STO",5,2,274,1,0,0,6,0,168,60,10,0,0,3,2,6,0,0,0,0,1,1
"Williams, AshleyWilliams, A.SWA",34,34,3040,5,0,3,1,0,2561,1603,206,51,0,21,9,31,0,0,1,1,2,13
"Williams, JonathanWilliams, J.CP",9,0,179,0,0,0,8,4,119,53,11,2,0,1,7,2,0,0,0,0,1,3
"Williamson, MikeWilliamson, M.NCU",33,32,2912,0,0,0,4,0,1584,773,217,24,0,11,12,18,0,0,0,0,1,10
"WillianWillianCHE",25,18,1677,3,1,4,69,75,1349,821,101,9,0,10,21,25,0,0,4,2,16,43
"Wilshere, JackWilshere, J.ARS",24,19,1719,6,0,4,36,1,1507,1018,92,12,0,16,43,27,0,0,3,4,8,20
"Wilson, JamesWilson, J.MAN",1,1,64,0,0,0,0,0,21,9,1,0,0,1,0,1,0,0,2,0,2,4
"Wilson, MarcWilson, M.STO",33,30,2691,6,1,1,11,0,1277,671,129,31,0,27,8,33,0,0,0,0,4,14
"Wisdom, AndreWisdom, A.LIV",2,1,80,1,0,0,0,0,70,18,7,1,0,3,0,2,0,0,0,0,1,2
"Woodrow, CauleyWoodrow, C.FUL",6,5,411,0,0,5,7,0,192,112,10,2,0,4,3,8,0,0,1,0,4,10
"Yacob, ClaudioYacob, C.WBA",27,22,1843,7,0,1,6,1,1181,711,170,10,0,28,27,38,0,0,1,0,4,10
"Yanga-Mbiwa, MapouYanga-Mbiwa, M.NCU",23,17,1497,5,1,0,19,0,935,445,118,14,0,13,11,18,0,0,0,0,0,4
"Yobo, JosephYobo, J.NC",8,8,720,0,0,0,0,0,335,180,55,9,0,5,5,3,0,0,0,0,1,2
"Yoshida, MayaYoshida, M.SHN",8,7,632,0,0,0,0,0,425,256,54,2,0,4,4,3,0,0,1,0,1,3
"Young, AshleyYoung, A.MAN",20,13,1029,4,0,8,80,39,696,356,37,4,0,4,18,17,0,0,2,1,7,17
"Zabaleta, PabloZabaleta, P.MCY",35,34,3079,11,0,0,99,1,2545,1392,249,33,0,47,33,50,0,0,1,6,2,18
"Zaha, WilfriedZaha, W.",14,5,611,1,0,4,19,0,293,110,26,0,0,7,12,8,0,0,0,1,4,11
"Zverotic, ElsadZverotic, E.FUL",6,5,405,0,0,0,15,0,261,98,7,0,0,4,8,5,0,0,0,0,1,3
